Arrival_Date,NCDEX_Expiry,NCDEX_Close_SameContract_Lag_1,NCDEX_Volume_SameContract_Lag_1,NCDEX_OI_SameContract_Lag_1
2022-02-08,2022-04-20,,,
2022-02-09,2022-04-20,10120.0,3035.0,10315.0
2022-02-10,2022-04-20,9996.0,2665.0,10565.0
2022-02-11,2022-04-20,10074.0,1540.0,10680.0
2022-02-14,2022-04-20,9912.0,3005.0,11025.0
2022-02-17,2022-04-20,9886.0,4085.0,11565.0
2022-02-18,2022-04-20,9798.0,2025.0,11875.0
2022-02-21,2022-04-20,10218.0,6575.0,11710.0
2022-02-23,2022-04-20,10006.0,6250.0,11810.0
2022-02-24,2022-04-20,9878.0,2515.0,12295.0
2022-02-25,2022-04-20,9330.0,6585.0,11175.0
2022-02-28,2022-04-20,9292.0,5070.0,11650.0
2022-03-02,2022-04-20,9358.0,4175.0,11380.0
2022-03-03,2022-04-20,9388.0,3195.0,11700.0
2022-03-04,2022-04-20,9520.0,4710.0,11660.0
2022-03-07,2022-04-20,9358.0,2340.0,11920.0
2022-03-09,2022-04-20,9084.0,3615.0,12155.0
2022-03-10,2022-04-20,8992.0,3080.0,12325.0
2022-03-14,2022-04-20,8820.0,2280.0,12815.0
2022-03-15,2022-04-20,8788.0,1730.0,12880.0
2022-03-22,2022-04-20,8584.0,2080.0,12860.0
2022-03-23,2022-04-20,8582.0,1740.0,13070.0
2022-03-24,2022-04-20,8560.0,2575.0,12870.0
2022-03-25,2022-04-20,8814.0,5900.0,12070.0
2022-04-06,2022-04-20,8816.0,4380.0,11300.0
2022-04-08,2022-04-20,9478.0,2025.0,5900.0
2022-04-11,2022-04-20,9392.0,2445.0,3465.0
2022-04-12,2022-04-20,9354.0,2235.0,2700.0
2022-04-13,2022-04-20,9408.0,2660.0,1390.0
2022-04-19,2022-04-20,9180.0,485.0,845.0
2022-04-20,2022-05-20,,,
2022-04-21,2022-05-20,8824.0,3565.0,16995.0
2022-04-22,2022-05-20,9030.0,3845.0,16980.0
2022-04-25,2022-05-20,8978.0,2815.0,17065.0
2022-04-26,2022-05-20,8828.0,2575.0,16880.0
2022-04-27,2022-05-20,8564.0,4960.0,16745.0
2022-04-28,2022-05-20,8738.0,3905.0,16315.0
2022-04-29,2022-05-20,8566.0,2630.0,16045.0
2022-05-02,2022-05-20,8510.0,1885.0,15745.0
2022-05-05,2022-05-20,8284.0,4780.0,15370.0
2022-05-06,2022-05-20,8108.0,6160.0,11555.0
2022-05-09,2022-05-20,8204.0,4295.0,9360.0
2022-05-10,2022-05-20,8158.0,2980.0,7790.0
2022-05-12,2022-05-20,8144.0,3310.0,5820.0
2022-05-13,2022-05-20,8410.0,3005.0,1905.0
2022-05-16,2022-05-20,8262.0,1810.0,1250.0
2022-05-17,2022-05-20,8068.0,1480.0,825.0
2022-05-18,2022-05-20,8136.0,90.0,160.0
2022-05-19,2022-06-20,,,
2022-05-20,2022-06-20,8104.0,2860.0,16800.0
2022-05-23,2022-06-20,8202.0,1975.0,16795.0
2022-05-24,2022-06-20,8258.0,2055.0,16305.0
2022-05-25,2022-06-20,8206.0,1595.0,16270.0
2022-05-26,2022-06-20,7916.0,3950.0,15805.0
2022-05-27,2022-06-20,7918.0,2990.0,15525.0
2022-05-30,2022-06-20,8002.0,2430.0,15230.0
2022-05-31,2022-06-20,8012.0,1465.0,15070.0
2022-06-01,2022-06-20,7918.0,2200.0,14570.0
2022-06-02,2022-06-20,7916.0,1605.0,14170.0
2022-06-03,2022-06-20,7956.0,1580.0,13910.0
2022-06-06,2022-06-20,8004.0,1755.0,13200.0
2022-06-07,2022-06-20,7996.0,1835.0,12350.0
2022-06-08,2022-06-20,8036.0,3410.0,10620.0
2022-06-10,2022-06-20,8072.0,1870.0,9450.0
2022-06-13,2022-06-20,8030.0,3295.0,5515.0
2022-06-15,2022-06-20,7962.0,4650.0,2085.0
2022-06-17,2022-06-20,7986.0,20.0,35.0
2022-06-20,2022-07-20,,,
2022-06-21,2022-07-20,7708.0,3170.0,16480.0
2022-06-24,2022-07-20,7736.0,1575.0,16225.0
2022-06-27,2022-07-20,7784.0,885.0,15620.0
2022-06-28,2022-07-20,7858.0,1040.0,15455.0
2022-06-29,2022-07-20,7898.0,1305.0,15070.0
2022-06-30,2022-07-20,7828.0,1210.0,14910.0
2022-07-04,2022-07-20,7816.0,2040.0,14115.0
2022-07-05,2022-07-20,8108.0,3605.0,13070.0
2022-07-06,2022-07-20,8038.0,4770.0,12165.0
2022-07-07,2022-07-20,7934.0,1245.0,11750.0
2022-07-08,2022-07-20,7834.0,1170.0,11405.0
2022-07-11,2022-07-20,7740.0,3245.0,9670.0
2022-07-12,2022-07-20,7776.0,4645.0,6805.0
2022-07-13,2022-07-20,7918.0,3000.0,4895.0
2022-07-14,2022-07-20,7812.0,3085.0,2685.0
2022-07-18,2022-07-20,7722.0,2505.0,1055.0
2022-07-19,2022-07-20,7640.0,160.0,60.0
2022-07-20,2022-08-17,,,
2022-07-21,2022-08-17,7818.0,1620.0,16190.0
2022-07-22,2022-08-17,7846.0,1060.0,16035.0
2022-07-25,2022-08-17,7706.0,2900.0,15665.0
2022-07-26,2022-08-17,7690.0,1655.0,15235.0
2022-07-27,2022-08-17,7806.0,2670.0,14860.0
2022-07-28,2022-08-17,7746.0,865.0,14800.0
2022-07-29,2022-08-17,7756.0,920.0,14900.0
2022-08-03,2022-08-17,7690.0,1675.0,14535.0
2022-08-04,2022-08-17,7506.0,4100.0,13450.0
2022-08-05,2022-08-17,7358.0,4090.0,12145.0
2022-08-08,2022-08-17,7368.0,2920.0,10565.0
2022-08-10,2022-08-17,7336.0,6670.0,6405.0
2022-08-11,2022-08-17,7022.0,9250.0,760.0
2022-08-17,2022-09-20,,,
2022-08-18,2022-09-20,7378.0,1040.0,14980.0
2022-08-22,2022-09-20,7362.0,2540.0,14950.0
2022-08-23,2022-09-20,7218.0,2480.0,14440.0
2022-08-24,2022-09-20,7186.0,1560.0,14485.0
2022-08-25,2022-09-20,7218.0,1875.0,14185.0
2022-08-26,2022-09-20,7230.0,2060.0,14020.0
2022-09-05,2022-09-20,7248.0,1400.0,13640.0
2022-09-06,2022-09-20,7062.0,1310.0,11020.0
2022-09-07,2022-09-20,7108.0,2540.0,10660.0
2022-09-08,2022-09-20,7094.0,635.0,10230.0
2022-09-09,2022-09-20,7034.0,5865.0,6985.0
2022-09-12,2022-09-20,6864.0,3680.0,4990.0
2022-09-13,2022-09-20,6750.0,3940.0,3800.0
2022-09-14,2022-09-20,6838.0,2645.0,2420.0
2022-09-15,2022-09-20,6960.0,2625.0,1480.0
2022-09-16,2022-09-20,7098.0,90.0,1295.0
2022-09-19,2022-09-20,7024.0,60.0,90.0
2022-09-20,2022-10-20,,,
2022-09-21,2022-10-20,7250.0,1325.0,13135.0
2022-09-27,2022-10-20,7238.0,1285.0,12890.0
2022-09-28,2022-10-20,6832.0,685.0,11640.0
2022-09-30,2022-10-20,6816.0,815.0,11395.0
2022-10-06,2022-10-20,6846.0,1290.0,10555.0
2022-10-10,2022-10-20,7084.0,2455.0,7795.0
2022-10-17,2022-10-20,6930.0,2900.0,5145.0
2022-10-19,2022-10-20,7154.0,10.0,410.0
2022-10-31,2022-11-18,,,
2022-11-02,2022-11-18,7256.0,3305.0,9000.0
2022-11-03,2022-11-18,7280.0,3550.0,8445.0
2022-11-04,2022-11-18,7244.0,1210.0,7885.0
2022-11-09,2022-11-18,7300.0,4575.0,6325.0
2022-11-10,2022-11-18,7440.0,2515.0,4260.0
2022-11-14,2022-11-18,7390.0,1885.0,3655.0
2022-11-15,2022-11-18,7622.0,2515.0,2335.0
2022-11-16,2022-11-18,7524.0,20.0,2050.0
2022-11-17,2022-11-18,7636.0,760.0,430.0
2022-11-18,2022-12-20,,,
2022-11-21,2022-12-20,7530.0,2910.0,9450.0
2022-11-22,2022-12-20,7478.0,1470.0,9445.0
2022-11-23,2022-12-20,7232.0,3890.0,9475.0
2022-11-25,2022-12-20,7280.0,1735.0,9490.0
2022-11-28,2022-12-20,7156.0,2860.0,9335.0
2022-11-29,2022-12-20,7122.0,1500.0,9200.0
2022-11-30,2022-12-20,7270.0,1505.0,8685.0
2022-12-01,2022-12-20,7182.0,1530.0,8515.0
2022-12-05,2022-12-20,7160.0,1075.0,8310.0
2022-12-06,2022-12-20,7154.0,2035.0,7055.0
2022-12-08,2022-12-20,7090.0,1040.0,6490.0
2022-12-09,2022-12-20,7106.0,3985.0,3700.0
2022-12-13,2022-12-20,7046.0,2410.0,2915.0
2022-12-15,2022-12-20,7228.0,2120.0,1330.0
2022-12-19,2023-04-18,,,
2022-12-20,2023-04-18,8406.0,1025.0,8445.0
2022-12-21,2023-04-18,8582.0,2575.0,9005.0
2022-12-22,2023-04-18,8644.0,1950.0,9245.0
2022-12-23,2023-04-18,8594.0,1000.0,9425.0
2022-12-26,2023-04-18,8464.0,2045.0,9915.0
2022-12-27,2023-04-18,8402.0,1985.0,10230.0
2022-12-28,2023-04-18,8350.0,1575.0,10480.0
2022-12-29,2023-04-18,8308.0,1105.0,10590.0
2022-12-30,2023-04-18,8288.0,1295.0,10680.0
2023-01-02,2023-04-18,8276.0,1860.0,10795.0
2023-01-03,2023-04-18,8248.0,1505.0,10855.0
2023-01-04,2023-04-18,7914.0,4380.0,11190.0
2023-01-06,2023-04-18,7958.0,2975.0,11675.0
2023-01-09,2023-04-18,7828.0,2070.0,12700.0
2023-01-10,2023-04-18,7964.0,1870.0,12445.0
2023-01-11,2023-04-18,7834.0,1030.0,12440.0
2023-01-12,2023-04-18,7820.0,470.0,12555.0
2023-01-18,2023-04-18,7828.0,745.0,12730.0
2023-01-19,2023-04-18,8142.0,3555.0,12290.0
2023-01-20,2023-04-18,8074.0,2225.0,12230.0
2023-01-23,2023-04-18,8028.0,1455.0,12180.0
2023-01-24,2023-04-18,7884.0,1210.0,12280.0
2023-01-25,2023-04-18,7874.0,760.0,12360.0
2023-01-27,2023-04-18,7744.0,2110.0,12490.0
2023-01-30,2023-04-18,7388.0,3925.0,13260.0
2023-01-31,2023-04-18,7260.0,2370.0,13340.0
2023-02-02,2023-04-18,7344.0,2100.0,13415.0
2023-02-03,2023-04-18,7320.0,780.0,13420.0
2023-02-06,2023-04-18,7384.0,1290.0,13170.0
2023-02-07,2023-04-18,7300.0,1155.0,13230.0
2023-02-08,2023-04-18,7276.0,2895.0,13295.0
2023-02-09,2023-04-18,7080.0,2485.0,13805.0
2023-02-16,2023-04-18,7010.0,1470.0,14005.0
2023-02-17,2023-04-18,6942.0,1530.0,13390.0
2023-02-23,2023-04-18,6948.0,680.0,13345.0
2023-02-24,2023-04-18,7204.0,2655.0,12130.0
2023-02-27,2023-04-18,7090.0,2060.0,12075.0
2023-02-28,2023-04-18,7044.0,1010.0,12105.0
2023-03-06,2023-04-18,7172.0,1890.0,11825.0
2023-03-09,2023-04-18,6910.0,920.0,11915.0
2023-03-10,2023-04-18,6906.0,910.0,12265.0
2023-03-13,2023-04-18,6914.0,1850.0,12105.0
2023-03-14,2023-04-18,6772.0,2415.0,12280.0
2023-03-16,2023-04-18,6786.0,1225.0,12265.0
2023-03-17,2023-04-18,6734.0,935.0,12565.0
2023-03-20,2023-04-18,6716.0,1045.0,12390.0
2023-03-21,2023-04-18,6794.0,1215.0,12260.0
2023-03-23,2023-04-18,6882.0,1285.0,11835.0
2023-03-24,2023-04-18,7002.0,1375.0,11515.0
2023-03-27,2023-04-18,6896.0,3445.0,10950.0
2023-03-29,2023-04-18,6854.0,1965.0,10765.0
2023-04-06,2023-04-18,6826.0,1825.0,9550.0
2023-04-10,2023-04-18,6928.0,2430.0,6790.0
2023-04-11,2023-04-18,6780.0,4590.0,4525.0
2023-04-12,2023-04-18,6714.0,5740.0,2295.0
2023-04-13,2023-04-18,6742.0,715.0,2045.0
2023-04-17,2023-04-18,6810.0,710.0,1195.0
2023-04-18,2023-05-18,,,
2023-04-19,2023-05-18,6776.0,1260.0,14690.0
2023-04-20,2023-05-18,6700.0,2055.0,14760.0
2023-04-21,2023-05-18,6696.0,635.0,14735.0
2023-04-24,2023-05-18,6712.0,3180.0,14535.0
2023-04-25,2023-05-18,6598.0,2295.0,13970.0
2023-04-26,2023-05-18,6542.0,1560.0,13650.0
2023-04-27,2023-05-18,6738.0,4030.0,13255.0
2023-04-28,2023-05-18,6670.0,1435.0,12875.0
2023-05-02,2023-05-18,6728.0,2075.0,12140.0
2023-05-03,2023-05-18,7124.0,6280.0,9520.0
2023-05-04,2023-05-18,7214.0,8890.0,7995.0
2023-05-05,2023-05-18,7428.0,3700.0,7180.0
2023-05-08,2023-05-18,7430.0,5030.0,5860.0
2023-05-09,2023-05-18,7462.0,3165.0,4855.0
2023-05-10,2023-05-18,7414.0,2305.0,4190.0
2023-05-11,2023-05-18,7562.0,4370.0,2995.0
2023-05-12,2023-05-18,7436.0,2570.0,2005.0
2023-05-15,2023-05-18,7836.0,2240.0,1210.0
2023-05-16,2023-05-18,8122.0,190.0,1115.0
2023-05-17,2023-05-18,8326.0,240.0,1175.0
2023-05-18,2023-06-20,,,
2023-05-19,2023-06-20,8282.0,8680.0,15085.0
2023-05-22,2023-06-20,8222.0,5305.0,14955.0
2023-05-23,2023-06-20,7928.0,5650.0,14205.0
2023-05-24,2023-06-20,7846.0,4940.0,13905.0
2023-05-25,2023-06-20,8190.0,6875.0,13265.0
2023-05-26,2023-06-20,8148.0,3640.0,13220.0
2023-05-29,2023-06-20,8050.0,3750.0,12690.0
2023-05-30,2023-06-20,8034.0,2385.0,12575.0
2023-05-31,2023-06-20,7922.0,2190.0,12310.0
2023-06-01,2023-06-20,7974.0,2005.0,11655.0
2023-06-02,2023-06-20,7742.0,2765.0,10905.0
2023-06-05,2023-06-20,7538.0,4470.0,9670.0
2023-06-06,2023-06-20,7522.0,2320.0,8745.0
2023-06-08,2023-06-20,7474.0,2705.0,7965.0
2023-06-09,2023-06-20,7626.0,1845.0,6305.0
2023-06-12,2023-06-20,7626.0,3390.0,4870.0
2023-06-13,2023-06-20,7556.0,2510.0,3360.0
2023-06-15,2023-06-20,7672.0,2220.0,2185.0
2023-06-16,2023-06-20,8540.0,370.0,780.0
2023-06-19,2023-06-20,8542.0,320.0,575.0
2023-06-20,2023-08-18,,,
2023-06-21,2023-08-18,9020.0,10840.0,15245.0
2023-06-22,2023-08-18,9548.0,8360.0,15665.0
2023-06-23,2023-08-18,9424.0,5910.0,16365.0
2023-06-26,2023-08-18,9316.0,6765.0,15870.0
2023-06-27,2023-08-18,9192.0,6605.0,15545.0
2023-06-28,2023-08-18,9290.0,3965.0,15450.0
2023-06-30,2023-08-18,9518.0,8570.0,15695.0
2023-07-03,2023-08-18,9858.0,8460.0,16160.0
2023-07-05,2023-08-18,10006.0,7895.0,16290.0
2023-07-06,2023-08-18,9936.0,9480.0,15265.0
2023-07-07,2023-08-18,9576.0,9640.0,17405.0
2023-07-10,2023-08-18,9742.0,6090.0,16965.0
2023-07-11,2023-08-18,10326.0,5805.0,16225.0
2023-07-12,2023-08-18,10876.0,12110.0,15655.0
2023-07-13,2023-08-18,10994.0,8370.0,15605.0
2023-07-14,2023-08-18,11296.0,9760.0,15460.0
2023-07-17,2023-08-18,11842.0,12520.0,15885.0
2023-07-18,2023-08-18,12208.0,16175.0,15900.0
2023-07-20,2023-08-18,12150.0,12460.0,16060.0
2023-07-21,2023-08-18,13152.0,14345.0,15315.0
2023-07-24,2023-08-18,13180.0,10685.0,15495.0
2023-07-25,2023-08-18,12816.0,11110.0,14215.0
2023-07-26,2023-08-18,13584.0,9580.0,13895.0
2023-07-27,2023-08-18,13950.0,11615.0,12835.0
2023-07-28,2023-08-18,13936.0,7350.0,12365.0
2023-07-31,2023-08-18,14772.0,5330.0,12135.0
2023-08-03,2023-08-18,15290.0,10490.0,11400.0
2023-08-04,2023-08-18,15940.0,7040.0,7960.0
2023-08-07,2023-08-18,15120.0,10335.0,6855.0
2023-08-08,2023-08-18,15366.0,5065.0,5510.0
2023-08-09,2023-08-18,16020.0,6070.0,4040.0
2023-08-11,2023-08-18,15446.0,5225.0,2420.0
2023-08-14,2023-10-20,,,
2023-08-17,2023-08-18,14698.0,2420.0,700.0
2023-08-18,2023-10-20,16956.0,2650.0,16050.0
2023-08-21,2023-10-20,16370.0,6765.0,15620.0
2023-08-22,2023-10-20,15998.0,5335.0,16165.0
2023-08-23,2023-10-20,16164.0,5540.0,16750.0
2023-08-24,2023-10-20,16170.0,5535.0,16225.0
2023-08-28,2023-10-20,16080.0,3105.0,16230.0
2023-09-04,2023-10-20,15204.0,6650.0,15875.0
2023-09-05,2023-10-20,15188.0,3525.0,15875.0
2023-09-08,2023-10-20,15048.0,1980.0,15975.0
2023-09-12,2023-10-20,14808.0,2275.0,15210.0
2023-09-13,2023-10-20,13686.0,4120.0,14800.0
2023-09-14,2023-10-20,13992.0,2785.0,14910.0
2023-09-22,2023-10-20,14830.0,5445.0,14870.0
2023-09-25,2023-10-20,14378.0,1720.0,13785.0
2023-10-04,2023-10-20,14078.0,1930.0,14035.0
2023-10-10,2023-10-20,14182.0,4280.0,10505.0
2023-10-11,2023-10-20,13316.0,3950.0,4705.0
2023-10-13,2023-10-20,12920.0,2465.0,3910.0
2023-10-18,2023-10-20,12872.0,1805.0,2430.0
2023-10-20,2023-12-20,,,
2023-10-30,2023-12-20,13744.0,2145.0,14430.0
2023-11-02,2023-12-20,13708.0,3140.0,13225.0
2023-11-06,2023-12-20,13620.0,2710.0,13240.0
2023-11-09,2023-12-20,13950.0,4500.0,13040.0
2023-11-10,2023-12-20,13506.0,1480.0,12855.0
2023-11-15,2023-12-20,13510.0,1305.0,12740.0
2023-11-17,2023-12-20,13524.0,1225.0,12605.0
2023-11-20,2023-12-20,12698.0,4785.0,12550.0
2023-11-24,2023-12-20,12496.0,2380.0,12435.0
2023-11-28,2023-12-20,12862.0,3140.0,11720.0
2023-12-01,2023-12-20,13234.0,3470.0,11760.0
2023-12-07,2023-12-20,12590.0,1290.0,10975.0
2023-12-11,2023-12-20,12612.0,2260.0,10305.0
2023-12-12,2023-12-20,12334.0,2415.0,8110.0
2023-12-13,2023-12-20,12264.0,1525.0,7320.0
2023-12-15,2023-12-20,12998.0,4870.0,5270.0
2023-12-18,2023-12-20,12972.0,685.0,1250.0
2023-12-21,2024-04-19,,,
2023-12-26,2024-04-19,13966.0,1350.0,11940.0
2023-12-28,2024-04-19,14280.0,1375.0,12155.0
2023-12-29,2024-04-19,14198.0,585.0,12355.0
2024-01-09,2024-04-19,14116.0,1115.0,12580.0
2024-01-11,2024-04-19,13342.0,2715.0,11780.0
2024-01-17,2024-04-19,13056.0,1285.0,11915.0
2024-01-19,2024-04-19,13718.0,2195.0,12680.0
2024-01-23,2024-04-19,14716.0,5430.0,13380.0
2024-01-24,2024-04-19,15598.0,4505.0,13605.0
2024-01-25,2024-04-19,15808.0,6335.0,13305.0
2024-01-29,2024-04-19,16018.0,5145.0,13135.0
2024-01-30,2024-04-19,15058.0,4270.0,12345.0
2024-01-31,2024-04-19,14830.0,5815.0,12185.0
2024-02-01,2024-04-19,14096.0,4625.0,12645.0
2024-02-02,2024-04-19,14568.0,3470.0,12380.0
2024-02-06,2024-04-19,15434.0,4595.0,12615.0
2024-02-07,2024-04-19,15532.0,2345.0,13435.0
2024-02-08,2024-04-19,15636.0,1710.0,13495.0
2024-02-09,2024-04-19,15330.0,2305.0,13445.0
2024-02-12,2024-04-19,15166.0,1820.0,13235.0
2024-02-13,2024-04-19,14742.0,3115.0,13230.0
2024-02-15,2024-04-19,14898.0,1810.0,13375.0
2024-02-16,2024-04-19,15330.0,2795.0,13985.0
2024-02-19,2024-04-19,15190.0,1715.0,14035.0
2024-02-20,2024-04-19,15382.0,1850.0,13995.0
2024-02-26,2024-04-19,15572.0,2985.0,14230.0
2024-02-28,2024-04-19,15666.0,2330.0,14365.0
2024-02-29,2024-04-19,16672.0,3200.0,14230.0
2024-03-01,2024-04-19,17162.0,4785.0,14860.0
2024-03-04,2024-04-19,16954.0,3400.0,14995.0
2024-03-06,2024-04-19,17482.0,4385.0,15370.0
2024-03-07,2024-04-19,17386.0,2160.0,15530.0
2024-03-12,2024-04-19,18086.0,6145.0,15675.0
2024-03-14,2024-04-19,18672.0,4055.0,15900.0
2024-03-19,2024-04-19,18744.0,4595.0,15725.0
2024-03-21,2024-04-19,17514.0,3490.0,15490.0
2024-03-26,2024-04-19,16758.0,9980.0,14615.0
2024-04-02,2024-04-19,17466.0,3570.0,14200.0
2024-04-03,2024-04-19,16544.0,5650.0,10115.0
2024-04-04,2024-04-19,16828.0,3250.0,9205.0
2024-04-08,2024-04-19,16786.0,3045.0,8070.0
2024-04-10,2024-04-19,16806.0,2165.0,6015.0
2024-04-15,2024-04-19,16322.0,2635.0,4345.0
2024-04-16,2024-04-19,15982.0,465.0,1505.0
2024-04-18,2024-04-19,16454.0,140.0,885.0
2024-04-19,2024-06-20,,,
2024-04-22,2024-06-20,18588.0,8770.0,18080.0
2024-04-23,2024-06-20,18574.0,3215.0,18305.0
2024-04-26,2024-06-20,19556.0,6905.0,18860.0
2024-04-29,2024-06-20,19030.0,3480.0,19190.0
2024-05-02,2024-06-20,18982.0,3545.0,19350.0
2024-05-03,2024-06-20,19154.0,4190.0,19565.0
2024-05-06,2024-06-20,18832.0,3700.0,19530.0
2024-05-07,2024-06-20,18400.0,3370.0,19490.0
2024-05-08,2024-06-20,18472.0,2035.0,19590.0
2024-05-09,2024-06-20,18878.0,4160.0,19725.0
2024-05-10,2024-06-20,18730.0,1905.0,19570.0
2024-05-16,2024-06-20,18698.0,4315.0,19065.0
2024-05-21,2024-06-20,17988.0,2880.0,17000.0
2024-05-22,2024-06-20,18952.0,6455.0,16815.0
2024-05-23,2024-06-20,19648.0,8315.0,16430.0
2024-05-24,2024-06-20,19398.0,4150.0,16025.0
2024-05-27,2024-06-20,19972.0,4805.0,15850.0
2024-05-28,2024-06-20,19838.0,5880.0,15535.0
2024-05-29,2024-06-20,18648.0,7220.0,14740.0
2024-05-30,2024-06-20,18666.0,3790.0,14210.0
2024-06-06,2024-06-20,17872.0,4210.0,13540.0
2024-06-10,2024-06-20,17330.0,1615.0,8480.0
2024-06-11,2024-06-20,17132.0,3700.0,6325.0
2024-06-13,2024-06-20,17312.0,2240.0,5510.0
2024-06-14,2024-06-20,17422.0,4145.0,430.0
2024-06-18,2024-06-20,17426.0,55.0,90.0
2024-06-19,2024-08-20,,,
2024-06-20,2024-08-20,18300.0,1965.0,21050.0
2024-06-21,2024-08-20,18196.0,1645.0,20965.0
2024-06-24,2024-08-20,17374.0,5485.0,21450.0
2024-06-25,2024-08-20,17232.0,2790.0,21355.0
2024-06-26,2024-08-20,17410.0,2300.0,21430.0
2024-06-28,2024-08-20,17512.0,2530.0,21135.0
2024-07-01,2024-08-20,16924.0,3025.0,20275.0
2024-07-02,2024-08-20,16138.0,6750.0,19775.0
2024-07-03,2024-08-20,16444.0,3295.0,20165.0
2024-07-04,2024-08-20,16168.0,2910.0,20255.0
2024-07-08,2024-08-20,16158.0,3880.0,20235.0
2024-07-09,2024-08-20,15246.0,5820.0,19460.0
2024-07-12,2024-08-20,15450.0,2845.0,19680.0
2024-07-15,2024-08-20,15926.0,1790.0,19800.0
2024-07-18,2024-08-20,15490.0,3950.0,20160.0
2024-07-19,2024-08-20,16218.0,4875.0,19615.0
2024-07-24,2024-08-20,15876.0,1665.0,19640.0
2024-08-01,2024-08-20,15998.0,1485.0,19350.0
2024-08-02,2024-08-20,16000.0,1645.0,17530.0
2024-08-05,2024-08-20,16096.0,2075.0,16760.0
2024-08-08,2024-08-20,15856.0,2530.0,15755.0
2024-08-09,2024-08-20,15866.0,3870.0,12760.0
2024-08-12,2024-08-20,15766.0,2475.0,12015.0
2024-08-14,2024-08-20,15592.0,3930.0,11300.0
2024-08-19,2024-08-20,15210.0,4845.0,7460.0
2024-08-20,2024-10-18,,,
2024-08-22,2024-10-18,16090.0,2405.0,20450.0
2024-08-23,2024-10-18,15180.0,2690.0,19550.0
2024-08-27,2024-10-18,14520.0,6175.0,19015.0
2024-08-28,2024-10-18,13616.0,8355.0,17370.0
2024-08-29,2024-10-18,12856.0,10345.0,16435.0
2024-09-02,2024-10-18,13418.0,9300.0,16530.0
2024-09-03,2024-10-18,13630.0,4960.0,16395.0
2024-09-05,2024-10-18,13432.0,5275.0,16215.0
2024-09-10,2024-10-18,14204.0,5140.0,16625.0
2024-09-11,2024-10-18,14168.0,1885.0,15760.0
2024-09-13,2024-10-18,14042.0,1400.0,15645.0
2024-09-18,2024-10-18,14144.0,4260.0,14360.0
2024-09-19,2024-10-18,14572.0,1225.0,13910.0
2024-09-23,2024-10-18,14172.0,3630.0,13775.0
2024-09-24,2024-10-18,14350.0,2155.0,13480.0
2024-09-25,2024-10-18,14530.0,2550.0,13695.0
2024-09-30,2024-10-18,14706.0,3295.0,13335.0
2024-10-03,2024-10-18,14026.0,1710.0,13410.0
2024-10-04,2024-10-18,13654.0,2420.0,12535.0
2024-10-07,2024-10-18,13352.0,4085.0,11410.0
2024-10-08,2024-10-18,13688.0,5965.0,9655.0
2024-10-10,2024-10-18,13370.0,2565.0,9610.0
2024-10-16,2024-10-18,13212.0,2930.0,6955.0
2024-10-22,2024-12-20,,,
2024-10-23,2024-12-20,13656.0,1110.0,12510.0
2024-10-24,2024-12-20,13684.0,980.0,12435.0
2024-10-25,2024-12-20,13604.0,835.0,12320.0
2024-10-28,2024-12-20,13256.0,1975.0,12245.0
2024-10-29,2024-12-20,13108.0,1125.0,11950.0
2024-11-04,2024-12-20,13178.0,710.0,11770.0
2024-11-06,2024-12-20,12732.0,2745.0,12205.0
2024-11-07,2024-12-20,13176.0,3230.0,11620.0
2024-11-11,2024-12-20,13092.0,1195.0,11570.0
2024-11-13,2024-12-20,13412.0,2380.0,11065.0
2024-11-14,2024-12-20,13336.0,1920.0,11170.0
2024-11-18,2024-12-20,13538.0,2425.0,10870.0
2024-11-22,2024-12-20,13914.0,2130.0,10875.0
2024-11-27,2024-12-20,14368.0,2035.0,10415.0
2024-11-28,2024-12-20,13510.0,1885.0,8885.0
2024-11-29,2024-12-20,13424.0,1000.0,8690.0
2024-12-02,2024-12-20,13552.0,820.0,8515.0
2024-12-03,2024-12-20,13218.0,2100.0,8390.0
2024-12-04,2024-12-20,13264.0,2125.0,8070.0
2024-12-09,2024-12-20,13364.0,1655.0,7705.0
2024-12-10,2024-12-20,12944.0,3315.0,7070.0
2024-12-11,2024-12-20,13132.0,1315.0,6810.0
2024-12-12,2024-12-20,13078.0,1020.0,6700.0
2024-12-16,2024-12-20,13054.0,885.0,6285.0
2024-12-17,2024-12-20,13248.0,1645.0,5075.0
2024-12-18,2024-12-20,13636.0,2905.0,4150.0
2024-12-19,2024-12-20,12958.0,2940.0,2170.0
2024-12-20,2025-04-17,,,
2024-12-23,2025-04-17,13988.0,1100.0,11370.0
2024-12-24,2025-04-17,13992.0,1355.0,11235.0
2024-12-26,2025-04-17,13836.0,775.0,11160.0
2024-12-27,2025-04-17,13882.0,1450.0,11345.0
2024-12-30,2025-04-17,14170.0,3065.0,11590.0
2025-01-22,2025-04-07,,,
2025-01-23,2025-04-07,624.0,30.0,495.0
2025-01-24,2025-04-17,14600.0,3295.0,12090.0
2025-01-27,2025-04-07,746.0,45.0,520.0
2025-01-30,2025-04-07,727.0,50.0,50.0
2025-01-31,2025-04-07,657.0,5.0,55.0
2025-02-03,2025-04-07,954.0,105.0,205.0
2025-02-05,2025-04-17,13790.0,1455.0,11460.0
2025-02-06,2025-04-07,602.0,50.0,50.0
2025-02-07,2025-04-17,13296.0,540.0,12175.0
2025-02-11,2025-04-17,13496.0,985.0,12170.0
2025-02-12,2025-04-17,13228.0,485.0,12170.0
2025-02-14,2025-04-07,928.0,250.0,480.0
2025-02-17,2025-04-17,13254.0,365.0,12210.0
2025-02-19,2025-04-17,12634.0,1610.0,11705.0
2025-02-20,2025-04-17,12968.0,1260.0,11860.0
2025-02-25,2025-04-07,790.0,20.0,480.0
2025-02-28,2025-04-07,3075.0,5.0,45.0
2025-03-04,2025-04-07,3135.0,5.0,45.0
2025-03-06,2025-04-07,1648.0,10.0,520.0
2025-03-07,2025-04-07,1838.0,60.0,490.0
2025-03-10,2025-04-07,1799.0,80.0,425.0
2025-03-12,2025-04-17,13208.0,2565.0,11950.0
2025-03-13,2025-04-07,2138.0,125.0,405.0
2025-03-17,2025-04-07,2057.0,45.0,390.0
2025-03-19,2025-04-17,11400.0,1940.0,12860.0
2025-03-20,2025-04-07,1000.0,100.0,400.0
2025-03-24,2025-04-07,573.0,65.0,320.0
2025-03-25,2025-04-07,505.0,25.0,260.0
2025-03-27,2025-04-07,525.0,10.0,50.0
2025-03-28,2025-04-07,248.0,10.0,50.0
2025-04-02,2025-04-07,219.0,10.0,50.0
2025-04-03,2025-04-07,10.0,85.0,110.0
2025-04-04,2025-04-07,5.0,80.0,30.0
2025-04-07,2025-04-17,12748.0,3040.0,12240.0
2025-04-08,2025-04-17,14090.0,2250.0,4085.0
2025-04-11,2025-04-17,14114.0,1545.0,3560.0
2025-04-15,2025-04-17,14354.0,3165.0,1270.0
2025-04-16,2025-04-17,14764.0,1505.0,530.0
2025-04-17,2025-05-20,,,
2025-04-21,2025-05-20,15200.0,2430.0,14505.0
2025-04-22,2025-05-20,15186.0,2810.0,14625.0
2025-04-23,2025-05-20,15024.0,6905.0,14525.0
2025-04-24,2025-05-20,14680.0,3845.0,14380.0
2025-04-25,2025-05-20,14548.0,1710.0,14400.0
2025-04-28,2025-05-20,14228.0,2065.0,14450.0
2025-04-29,2025-05-20,14004.0,2015.0,14280.0
2025-04-30,2025-05-20,13772.0,2670.0,13230.0
2025-05-02,2025-05-20,14072.0,4085.0,11495.0
2025-05-05,2025-05-20,14352.0,3725.0,10430.0
2025-05-06,2025-05-20,13914.0,3645.0,8490.0
2025-05-07,2025-05-20,13780.0,4690.0,5910.0
2025-05-09,2025-05-20,13886.0,2720.0,5410.0
2025-05-12,2025-05-20,13844.0,5760.0,4335.0
2025-05-13,2025-05-20,14414.0,2995.0,3780.0
2025-05-14,2025-05-20,14808.0,1230.0,3670.0
2025-05-15,2025-05-20,14732.0,285.0,3570.0
2025-05-16,2025-05-20,14714.0,1160.0,3305.0
2025-05-19,2025-05-20,14904.0,1015.0,2765.0
2025-05-21,2025-06-20,,,
2025-05-22,2025-06-20,14398.0,2230.0,15865.0
2025-05-26,2025-06-20,14184.0,1790.0,15880.0
2025-05-27,2025-06-20,13812.0,1540.0,15795.0
2025-05-28,2025-06-20,13712.0,1235.0,15445.0
2025-05-29,2025-06-20,13906.0,1655.0,15290.0
2025-05-30,2025-06-20,14062.0,2070.0,14980.0
2025-06-03,2025-06-20,14300.0,1830.0,14720.0
2025-06-05,2025-06-20,13778.0,1170.0,14590.0
2025-06-06,2025-06-20,14358.0,4130.0,12065.0
2025-06-09,2025-06-20,14580.0,4935.0,10170.0
2025-06-10,2025-06-20,14718.0,3255.0,8755.0
2025-06-11,2025-06-20,14428.0,2860.0,7460.0
2025-06-13,2025-06-20,14544.0,1535.0,6550.0
2025-06-16,2025-06-20,14386.0,2240.0,5160.0
2025-06-17,2025-06-20,14198.0,1190.0,4505.0
2025-06-18,2025-06-20,14158.0,1390.0,3770.0
2025-06-19,2025-06-20,13994.0,2040.0,2250.0
2025-06-20,2025-08-20,,,
2025-06-24,2025-08-20,14264.0,1425.0,17555.0
2025-06-25,2025-08-20,14332.0,1610.0,17525.0
2025-06-26,2025-08-20,13834.0,4100.0,17615.0
2025-06-27,2025-08-20,14000.0,2650.0,17340.0
2025-06-30,2025-08-20,14094.0,2245.0,17240.0
2025-07-01,2025-08-20,14018.0,995.0,17535.0
2025-07-02,2025-08-20,14094.0,1470.0,17230.0
2025-07-03,2025-08-20,13918.0,1015.0,17550.0
2025-07-04,2025-08-20,13598.0,3175.0,17910.0
2025-07-10,2025-08-20,13398.0,2375.0,17915.0
2025-07-11,2025-08-20,13424.0,3130.0,17810.0
2025-07-14,2025-08-20,13512.0,1505.0,17670.0
2025-07-15,2025-08-20,13468.0,1750.0,17525.0
2025-07-22,2025-08-20,13552.0,790.0,17465.0
2025-07-28,2025-08-20,13262.0,780.0,17635.0
2025-07-31,2025-08-20,12904.0,1510.0,17620.0
2025-08-01,2025-08-20,12772.0,2980.0,15890.0
2025-08-04,2025-08-20,13118.0,5530.0,14225.0
2025-08-05,2025-08-20,13142.0,2155.0,12865.0
2025-08-07,2025-08-20,13168.0,1960.0,12200.0
2025-08-11,2025-08-20,13084.0,6540.0,8665.0
2025-08-12,2025-08-20,12878.0,2285.0,7440.0
2025-08-13,2025-08-20,12822.0,1925.0,6355.0
2025-08-14,2025-08-20,13082.0,3905.0,4095.0
2025-08-19,2025-08-20,12674.0,6260.0,2025.0
2025-08-21,2025-10-20,,,
2025-08-25,2025-10-20,13326.0,820.0,17625.0
2025-08-28,2025-10-20,13374.0,735.0,17835.0
2025-08-29,2025-10-20,13260.0,1125.0,18040.0
2025-09-02,2025-10-20,13282.0,870.0,17940.0
2025-09-03,2025-10-20,12230.0,4695.0,17480.0
2025-09-04,2025-10-20,12380.0,980.0,17605.0
2025-09-08,2025-10-20,12458.0,610.0,17535.0
2025-09-09,2025-10-20,12098.0,1215.0,17535.0
2025-09-10,2025-10-20,12072.0,660.0,17485.0
2025-09-11,2025-10-20,12634.0,1925.0,17240.0
2025-09-15,2025-10-20,12592.0,1950.0,16890.0
2025-09-17,2025-10-20,12260.0,780.0,16735.0
2025-09-18,2025-10-20,12076.0,685.0,16585.0
2025-09-22,2025-10-20,12100.0,555.0,16480.0
2025-09-24,2025-10-20,12314.0,1605.0,16285.0
2025-09-26,2025-10-20,12250.0,2045.0,15025.0
2025-09-29,2025-10-20,12314.0,795.0,14850.0
2025-10-01,2025-10-20,12418.0,2380.0,14245.0
2025-10-07,2025-10-20,12026.0,7615.0,11770.0
2025-10-08,2025-10-20,11794.0,3165.0,8130.0
2025-10-09,2025-10-20,11890.0,3180.0,7000.0
2025-10-10,2025-10-20,12008.0,1605.0,6370.0
2025-10-14,2025-10-20,12126.0,1970.0,5795.0
2025-10-15,2025-10-20,12848.0,6385.0,2265.0
2025-10-24,2025-12-18,,,
2025-10-27,2025-12-18,14620.0,1630.0,11630.0
2025-10-30,2025-12-18,14530.0,2520.0,12095.0
2025-11-03,2025-12-18,15066.0,2570.0,11795.0
2025-11-04,2025-12-18,14674.0,905.0,11705.0
2025-12-02,2025-12-18,14620.0,970.0,11700.0
2025-12-04,2025-12-18,14686.0,425.0,7795.0
2025-12-05,2025-12-18,14586.0,1155.0,7740.0
2025-12-08,2025-12-18,14384.0,1490.0,7405.0
2025-12-10,2025-12-18,14434.0,720.0,7440.0
2025-12-12,2025-12-18,15014.0,2780.0,6685.0
2025-12-15,2025-12-18,15472.0,2030.0,6120.0
2025-12-16,2025-12-18,15598.0,2670.0,5645.0
2025-12-17,2025-12-18,15808.0,2890.0,4235.0
2025-12-18,2026-04-09,,,
2025-12-19,2026-04-09,1574.0,30.0,30.0
2025-12-22,2026-04-20,,,
2025-12-23,2026-04-20,16216.0,2180.0,13760.0
2025-12-24,2026-04-09,1506.0,80.0,80.0
2025-12-26,2026-04-09,1516.0,15.0,15.0
2025-12-29,2026-04-20,16804.0,4995.0,13830.0
2025-12-31,2026-04-20,17068.0,2485.0,14245.0
2026-01-02,2026-04-09,1425.0,10.0,10.0
2026-01-05,2026-04-20,17316.0,2415.0,14810.0
2026-01-06,2026-04-09,1193.0,70.0,70.0
2026-01-07,2026-04-20,18378.0,3320.0,15445.0
2026-01-19,2026-04-20,17778.0,5410.0,16175.0
2026-01-21,2026-04-20,18060.0,5200.0,16880.0
2026-01-30,2026-04-09,1340.0,100.0,100.0
2026-02-02,2026-04-09,1334.0,40.0,40.0
2026-02-03,2026-04-20,17948.0,2135.0,16835.0
2026-02-04,2026-04-09,1304.0,100.0,820.0
2026-02-05,2026-04-09,908.0,40.0,55.0
2026-02-06,2026-04-09,902.0,40.0,95.0
2026-02-09,2026-04-09,1337.0,25.0,120.0
2026-02-13,2026-04-09,1121.0,115.0,140.0
2026-02-23,2026-04-20,16780.0,2645.0,16765.0
2026-03-04,2026-04-09,1739.0,105.0,655.0
2026-03-05,2026-04-09,2289.0,160.0,655.0
2026-03-09,2026-04-09,2180.0,15.0,655.0
2026-03-16,2026-04-09,2134.0,80.0,80.0
2026-03-17,2026-04-09,1219.0,80.0,85.0
2026-03-23,2026-04-09,1883.0,15.0,80.0
2026-03-24,2026-04-20,15582.0,5295.0,17470.0
2026-03-25,2026-04-09,1614.0,25.0,85.0
2026-04-07,2026-04-09,739.0,5.0,10.0
2026-04-08,2026-04-09,47.0,5.0,80.0
2026-04-15,2026-04-20,14168.0,2070.0,16745.0
2026-04-16,2026-04-20,16204.0,3525.0,8420.0
2026-04-17,2026-04-20,16396.0,3615.0,6025.0
2026-04-20,2026-05-20,,,
2026-04-21,2026-05-20,16102.0,4775.0,17940.0
2026-04-22,2026-05-20,16166.0,2880.0,18005.0
2026-04-23,2026-05-20,16114.0,2305.0,18020.0
2026-04-24,2026-05-20,16474.0,5830.0,17665.0
2026-04-27,2026-05-20,16422.0,4390.0,17085.0
2026-04-28,2026-05-20,16100.0,3345.0,16770.0
2026-04-29,2026-05-20,16016.0,2140.0,16680.0
2026-04-30,2026-05-20,15994.0,3180.0,16060.0
2026-05-04,2026-05-20,15932.0,2120.0,15830.0
2026-05-05,2026-05-20,15988.0,1940.0,15395.0
2026-05-06,2026-05-20,16296.0,6560.0,13360.0
2026-05-07,2026-05-20,16498.0,3665.0,12020.0
2026-05-08,2026-05-20,16566.0,2075.0,11435.0
2026-05-11,2026-05-20,16072.0,12280.0,7450.0
2026-05-12,2026-05-20,15840.0,3105.0,5705.0
2026-05-13,2026-05-20,15734.0,2470.0,4570.0
2026-05-14,2026-05-20,15742.0,1535.0,3540.0
2026-05-15,2026-05-20,15726.0,2515.0,2350.0
2026-05-18,2026-05-20,15658.0,1655.0,1725.0
2026-05-19,2026-05-20,15558.0,1640.0,1415.0
2026-05-20,2026-06-19,,,
2026-05-21,2026-06-19,16012.0,1915.0,20075.0
2026-05-22,2026-06-19,16198.0,3995.0,19970.0
2026-05-25,2026-06-19,16230.0,2605.0,20060.0
2026-05-26,2026-06-19,16230.0,3425.0,20385.0
2026-05-27,2026-06-19,16232.0,1175.0,20525.0
2026-06-01,2026-06-19,16216.0,3445.0,20745.0
2026-06-02,2026-06-19,16134.0,1475.0,20515.0
2026-06-03,2026-06-19,15618.0,4265.0,19770.0
2026-06-05,2026-06-19,15730.0,2465.0,19440.0
2026-06-08,2026-06-19,15456.0,2960.0,18155.0
2026-06-09,2026-06-19,15458.0,2550.0,17330.0
2026-06-10,2026-06-19,15632.0,3460.0,15690.0
2026-06-12,2026-06-19,15700.0,2935.0,13965.0
2026-06-15,2026-06-19,15896.0,6450.0,7345.0
2026-06-16,2026-06-19,16132.0,5425.0,4165.0
2026-06-17,2026-06-19,16396.0,3565.0,2450.0
2026-06-19,2026-08-20,,,
2026-06-22,2026-08-20,16868.0,2715.0,24550.0
2026-06-23,2026-08-20,16776.0,2165.0,24915.0
2026-06-24,2026-08-20,16668.0,2235.0,25145.0
2026-06-25,2026-08-20,16408.0,2380.0,24745.0
2026-06-29,2026-08-20,16590.0,4345.0,24955.0
2026-06-30,2026-08-20,17122.0,6740.0,25420.0
2026-07-01,2026-08-20,17182.0,3815.0,25365.0
2026-07-03,2026-08-20,17512.0,7595.0,26170.0
2026-07-06,2026-08-20,17562.0,2725.0,27445.0
2026-07-07,2026-08-20,17892.0,5385.0,27965.0
2026-07-08,2026-08-20,17940.0,3200.0,27985.0
2026-07-09,2026-08-20,17880.0,8695.0,28795.0
2026-07-10,2026-08-20,18390.0,7560.0,28615.0
2026-07-13,2026-08-20,18988.0,8925.0,28995.0
2026-07-14,2026-08-20,20036.0,13480.0,29085.0
2026-07-15,2026-08-20,20706.0,10925.0,29080.0
2026-07-16,2026-08-20,20640.0,7235.0,28845.0
2026-07-17,2026-08-20,20950.0,5695.0,29125.0
2026-07-20,2026-08-20,21750.0,11125.0,29125.0
2026-07-21,2026-08-20,21492.0,5960.0,29985.0
2026-07-22,2026-08-20,21526.0,7660.0,29535.0
2026-07-24,2026-08-20,21158.0,12780.0,29345.0
2026-07-28,2026-08-20,21178.0,6535.0,29445.0
2026-07-30,2026-08-20,20356.0,6400.0,29235.0
2026-08-03,2026-08-20,20856.0,11420.0,29230.0
2026-08-04,2026-08-20,22392.0,7240.0,29420.0
2026-08-05,2026-08-20,22552.0,3875.0,29270.0
2026-08-07,2026-08-20,22680.0,4165.0,29425.0
2026-08-10,2026-08-20,20516.0,20525.0,22700.0
2026-08-11,2026-08-20,20492.0,5430.0,22240.0
2026-08-12,2026-08-20,21038.0,3090.0,22235.0
2026-08-17,2026-08-20,20848.0,1220.0,21970.0
2026-08-18,2026-08-20,20120.0,3535.0,5940.0
2026-08-19,2026-08-20,20366.0,3265.0,3335.0
2026-08-20,2026-10-16,,,
2026-08-24,2026-10-16,21684.0,4350.0,35945.0
2026-08-27,2026-10-16,21740.0,3160.0,36775.0
2026-08-31,2026-10-16,20158.0,6415.0,36505.0
2026-09-01,2026-10-16,20744.0,2215.0,36660.0
