Arrival_Date,Commodity,Commodity_Code,District,Grade,Market,Max_Price,Min_Price,Modal_Price,State,Variety,Price_Range,Year,Month
2021-04-09,Turmeric,39,Guntur,FAQ,Duggirala APMC,6871.0,5700.0,6400.0,Andhra Pradesh,Finger,1171.0,2021,4
2021-04-12,Turmeric,39,Guntur,FAQ,Duggirala APMC,7000.0,5100.0,6550.0,Andhra Pradesh,Finger,1900.0,2021,4
2021-11-18,Turmeric,39,Guntur,FAQ,Duggirala APMC,5290.0,4100.0,5290.0,Andhra Pradesh,Finger,1190.0,2021,11
2021-11-19,Turmeric,39,Guntur,FAQ,Duggirala APMC,5800.0,4600.0,4925.0,Andhra Pradesh,Finger,1200.0,2021,11
2021-11-22,Turmeric,39,Guntur,FAQ,Duggirala APMC,6001.0,5650.0,5800.0,Andhra Pradesh,Finger,351.0,2021,11
2021-11-23,Turmeric,39,Guntur,FAQ,Duggirala APMC,6000.0,5590.0,5621.0,Andhra Pradesh,Finger,410.0,2021,11
2021-11-25,Turmeric,39,Guntur,FAQ,Duggirala APMC,5700.0,5300.0,5300.0,Andhra Pradesh,Finger,400.0,2021,11
2021-11-26,Turmeric,39,Guntur,FAQ,Duggirala APMC,6450.0,4000.0,5950.0,Andhra Pradesh,Finger,2450.0,2021,11
2021-11-30,Turmeric,39,Guntur,FAQ,Duggirala APMC,6000.0,4525.0,5675.0,Andhra Pradesh,Finger,1475.0,2021,11
2022-01-03,Turmeric,39,Guntur,FAQ,Duggirala APMC,7200.0,6800.0,7075.0,Andhra Pradesh,Finger,400.0,2022,1
2022-01-04,Turmeric,39,Guntur,FAQ,Duggirala APMC,7650.0,5700.0,7011.0,Andhra Pradesh,Finger,1950.0,2022,1
2022-01-05,Turmeric,39,Guntur,FAQ,Duggirala APMC,7450.0,5800.0,6970.0,Andhra Pradesh,Finger,1650.0,2022,1
2022-01-06,Turmeric,39,Guntur,FAQ,Duggirala APMC,7475.0,5500.0,7050.0,Andhra Pradesh,Finger,1975.0,2022,1
2022-01-07,Turmeric,39,Guntur,FAQ,Duggirala APMC,7250.0,7050.0,7250.0,Andhra Pradesh,Finger,200.0,2022,1
2022-01-10,Turmeric,39,Guntur,FAQ,Duggirala APMC,7700.0,6050.0,7000.0,Andhra Pradesh,Finger,1650.0,2022,1
2022-01-11,Turmeric,39,Guntur,FAQ,Duggirala APMC,7625.0,6450.0,7321.0,Andhra Pradesh,Finger,1175.0,2022,1
2022-01-12,Turmeric,39,Guntur,FAQ,Duggirala APMC,7600.0,6800.0,7100.0,Andhra Pradesh,Finger,800.0,2022,1
2022-01-18,Turmeric,39,Guntur,FAQ,Duggirala APMC,7500.0,7161.0,7161.0,Andhra Pradesh,Finger,339.0,2022,1
2022-01-19,Turmeric,39,Guntur,FAQ,Duggirala APMC,7330.0,6500.0,7300.0,Andhra Pradesh,Finger,830.0,2022,1
2022-01-20,Turmeric,39,Guntur,FAQ,Duggirala APMC,7200.0,5000.0,6300.0,Andhra Pradesh,Finger,2200.0,2022,1
2022-01-21,Turmeric,39,Guntur,FAQ,Duggirala APMC,7335.0,5711.0,7000.0,Andhra Pradesh,Finger,1624.0,2022,1
2022-01-24,Turmeric,39,Guntur,FAQ,Duggirala APMC,7200.0,6850.0,7025.0,Andhra Pradesh,Finger,350.0,2022,1
2022-01-25,Turmeric,39,Guntur,FAQ,Duggirala APMC,6850.0,5300.0,6000.0,Andhra Pradesh,Finger,1550.0,2022,1
2022-01-27,Turmeric,39,Guntur,FAQ,Duggirala APMC,6050.0,6050.0,6050.0,Andhra Pradesh,Finger,0.0,2022,1
2022-01-28,Turmeric,39,Guntur,FAQ,Duggirala APMC,7150.0,4000.0,5150.0,Andhra Pradesh,Finger,3150.0,2022,1
2022-01-31,Turmeric,39,Guntur,FAQ,Duggirala APMC,7011.0,5000.0,6100.0,Andhra Pradesh,Finger,2011.0,2022,1
2022-02-01,Turmeric,39,Guntur,FAQ,Duggirala APMC,6900.0,4850.0,6650.0,Andhra Pradesh,Finger,2050.0,2022,2
2022-02-02,Turmeric,39,Guntur,FAQ,Duggirala APMC,6775.0,5500.0,6200.0,Andhra Pradesh,Finger,1275.0,2022,2
2022-02-03,Turmeric,39,Guntur,FAQ,Duggirala APMC,6950.0,6351.0,6775.0,Andhra Pradesh,Finger,599.0,2022,2
2022-02-07,Turmeric,39,Guntur,FAQ,Duggirala APMC,7111.0,5500.0,7100.0,Andhra Pradesh,Finger,1611.0,2022,2
2022-02-08,Turmeric,39,Guntur,FAQ,Duggirala APMC,7325.0,6250.0,6900.0,Andhra Pradesh,Finger,1075.0,2022,2
2022-02-09,Turmeric,39,Guntur,FAQ,Duggirala APMC,7280.0,4500.0,6750.0,Andhra Pradesh,Finger,2780.0,2022,2
2022-02-10,Turmeric,39,Guntur,FAQ,Duggirala APMC,7150.0,5550.0,6850.0,Andhra Pradesh,Finger,1600.0,2022,2
2022-02-11,Turmeric,39,Guntur,FAQ,Duggirala APMC,7175.0,5340.0,6550.0,Andhra Pradesh,Finger,1835.0,2022,2
2022-02-14,Turmeric,39,Guntur,FAQ,Duggirala APMC,6900.0,5600.0,6350.0,Andhra Pradesh,Finger,1300.0,2022,2
2022-02-17,Turmeric,39,Guntur,FAQ,Duggirala APMC,7000.0,5500.0,6650.0,Andhra Pradesh,Finger,1500.0,2022,2
2022-02-18,Turmeric,39,Guntur,FAQ,Duggirala APMC,6725.0,6511.0,6511.0,Andhra Pradesh,Finger,214.0,2022,2
2022-02-21,Turmeric,39,Guntur,FAQ,Duggirala APMC,6925.0,6500.0,6500.0,Andhra Pradesh,Finger,425.0,2022,2
2022-02-23,Turmeric,39,Guntur,FAQ,Duggirala APMC,7050.0,6925.0,7050.0,Andhra Pradesh,Finger,125.0,2022,2
2022-02-24,Turmeric,39,Guntur,FAQ,Duggirala APMC,7070.0,5400.0,6300.0,Andhra Pradesh,Finger,1670.0,2022,2
2022-02-25,Turmeric,39,Guntur,FAQ,Duggirala APMC,7000.0,6800.0,6975.0,Andhra Pradesh,Finger,200.0,2022,2
2022-02-28,Turmeric,39,Guntur,FAQ,Duggirala APMC,6800.0,5100.0,6650.0,Andhra Pradesh,Finger,1700.0,2022,2
2022-03-02,Turmeric,39,Guntur,FAQ,Duggirala APMC,6300.0,6250.0,6300.0,Andhra Pradesh,Finger,50.0,2022,3
2022-03-03,Turmeric,39,Guntur,FAQ,Duggirala APMC,7000.0,5050.0,6800.0,Andhra Pradesh,Finger,1950.0,2022,3
2022-03-04,Turmeric,39,Guntur,FAQ,Duggirala APMC,6950.0,6950.0,6950.0,Andhra Pradesh,Finger,0.0,2022,3
2022-03-07,Turmeric,39,Guntur,FAQ,Duggirala APMC,7075.0,5200.0,7000.0,Andhra Pradesh,Finger,1875.0,2022,3
2022-03-09,Turmeric,39,Guntur,FAQ,Duggirala APMC,6900.0,5000.0,6750.0,Andhra Pradesh,Finger,1900.0,2022,3
2022-03-10,Turmeric,39,Guntur,FAQ,Duggirala APMC,6950.0,6790.0,6950.0,Andhra Pradesh,Finger,160.0,2022,3
2022-03-14,Turmeric,39,Guntur,FAQ,Duggirala APMC,6811.0,5000.0,6730.0,Andhra Pradesh,Finger,1811.0,2022,3
2022-03-15,Turmeric,39,Guntur,FAQ,Duggirala APMC,6900.0,5500.0,6600.0,Andhra Pradesh,Finger,1400.0,2022,3
2022-03-22,Turmeric,39,Guntur,FAQ,Duggirala APMC,6650.0,5250.0,6600.0,Andhra Pradesh,Finger,1400.0,2022,3
2022-03-23,Turmeric,39,Guntur,FAQ,Duggirala APMC,6999.0,5850.0,6650.0,Andhra Pradesh,Finger,1149.0,2022,3
2022-03-24,Turmeric,39,Guntur,FAQ,Duggirala APMC,6500.0,6461.0,6461.0,Andhra Pradesh,Finger,39.0,2022,3
2022-03-25,Turmeric,39,Guntur,FAQ,Duggirala APMC,6500.0,5450.0,5900.0,Andhra Pradesh,Finger,1050.0,2022,3
2022-04-06,Turmeric,39,Guntur,FAQ,Duggirala APMC,7111.0,5350.0,6761.0,Andhra Pradesh,Finger,1761.0,2022,4
2022-04-08,Turmeric,39,Guntur,FAQ,Duggirala APMC,7150.0,5000.0,6660.0,Andhra Pradesh,Finger,2150.0,2022,4
2022-04-11,Turmeric,39,Guntur,FAQ,Duggirala APMC,6911.0,5300.0,6550.0,Andhra Pradesh,Finger,1611.0,2022,4
2022-04-12,Turmeric,39,Guntur,FAQ,Duggirala APMC,6500.0,5000.0,6300.0,Andhra Pradesh,Finger,1500.0,2022,4
2022-04-13,Turmeric,39,Guntur,FAQ,Duggirala APMC,6925.0,4500.0,6450.0,Andhra Pradesh,Finger,2425.0,2022,4
2022-04-19,Turmeric,39,Guntur,FAQ,Duggirala APMC,7100.0,5000.0,6200.0,Andhra Pradesh,Finger,2100.0,2022,4
2022-04-20,Turmeric,39,Guntur,FAQ,Duggirala APMC,6800.0,4550.0,6480.0,Andhra Pradesh,Finger,2250.0,2022,4
2022-04-21,Turmeric,39,Guntur,FAQ,Duggirala APMC,6825.0,5000.0,6300.0,Andhra Pradesh,Finger,1825.0,2022,4
2022-04-22,Turmeric,39,Guntur,FAQ,Duggirala APMC,6511.0,5000.0,6431.0,Andhra Pradesh,Finger,1511.0,2022,4
2022-04-25,Turmeric,39,Guntur,FAQ,Duggirala APMC,6511.0,5300.0,6230.0,Andhra Pradesh,Finger,1211.0,2022,4
2022-04-26,Turmeric,39,Guntur,FAQ,Duggirala APMC,6800.0,5450.0,6175.0,Andhra Pradesh,Finger,1350.0,2022,4
2022-04-27,Turmeric,39,Guntur,FAQ,Duggirala APMC,6775.0,5000.0,6060.0,Andhra Pradesh,Finger,1775.0,2022,4
2022-04-28,Turmeric,39,Guntur,FAQ,Duggirala APMC,6270.0,5000.0,6011.0,Andhra Pradesh,Finger,1270.0,2022,4
2022-04-29,Turmeric,39,Guntur,FAQ,Duggirala APMC,6611.0,4400.0,6100.0,Andhra Pradesh,Finger,2211.0,2022,4
2022-05-02,Turmeric,39,Guntur,FAQ,Duggirala APMC,6200.0,5380.0,5711.0,Andhra Pradesh,Finger,820.0,2022,5
2022-05-05,Turmeric,39,Guntur,FAQ,Duggirala APMC,6000.0,4500.0,5800.0,Andhra Pradesh,Finger,1500.0,2022,5
2022-05-06,Turmeric,39,Guntur,FAQ,Duggirala APMC,6050.0,4761.0,5350.0,Andhra Pradesh,Finger,1289.0,2022,5
2022-05-09,Turmeric,39,Guntur,FAQ,Duggirala APMC,5711.0,4450.0,5600.0,Andhra Pradesh,Finger,1261.0,2022,5
2022-05-10,Turmeric,39,Guntur,FAQ,Duggirala APMC,6000.0,4321.0,5550.0,Andhra Pradesh,Finger,1679.0,2022,5
2022-05-12,Turmeric,39,Guntur,FAQ,Duggirala APMC,5961.0,5300.0,5740.0,Andhra Pradesh,Finger,661.0,2022,5
2022-05-13,Turmeric,39,Guntur,FAQ,Duggirala APMC,6000.0,5000.0,5800.0,Andhra Pradesh,Finger,1000.0,2022,5
2022-05-16,Turmeric,39,Guntur,FAQ,Duggirala APMC,6260.0,5750.0,5900.0,Andhra Pradesh,Finger,510.0,2022,5
2022-05-17,Turmeric,39,Guntur,FAQ,Duggirala APMC,6350.0,5200.0,5925.0,Andhra Pradesh,Finger,1150.0,2022,5
2022-05-18,Turmeric,39,Guntur,FAQ,Duggirala APMC,6400.0,5661.0,5950.0,Andhra Pradesh,Finger,739.0,2022,5
2022-05-19,Turmeric,39,Guntur,FAQ,Duggirala APMC,6525.0,5725.0,6050.0,Andhra Pradesh,Finger,800.0,2022,5
2022-05-20,Turmeric,39,Guntur,FAQ,Duggirala APMC,6375.0,5400.0,5970.0,Andhra Pradesh,Finger,975.0,2022,5
2022-05-23,Turmeric,39,Guntur,FAQ,Duggirala APMC,6300.0,5275.0,5850.0,Andhra Pradesh,Finger,1025.0,2022,5
2022-05-24,Turmeric,39,Guntur,FAQ,Duggirala APMC,6411.0,5000.0,6100.0,Andhra Pradesh,Finger,1411.0,2022,5
2022-05-25,Turmeric,39,Guntur,FAQ,Duggirala APMC,5821.0,5300.0,5750.0,Andhra Pradesh,Finger,521.0,2022,5
2022-05-26,Turmeric,39,Guntur,FAQ,Duggirala APMC,6100.0,5950.0,6100.0,Andhra Pradesh,Finger,150.0,2022,5
2022-05-27,Turmeric,39,Guntur,FAQ,Duggirala APMC,6000.0,5250.0,5700.0,Andhra Pradesh,Finger,750.0,2022,5
2022-05-30,Turmeric,39,Guntur,FAQ,Duggirala APMC,6525.0,5100.0,5785.0,Andhra Pradesh,Finger,1425.0,2022,5
2022-05-31,Turmeric,39,Guntur,FAQ,Duggirala APMC,5831.0,5600.0,5750.0,Andhra Pradesh,Finger,231.0,2022,5
2022-06-01,Turmeric,39,Guntur,FAQ,Duggirala APMC,6325.0,5050.0,5650.0,Andhra Pradesh,Finger,1275.0,2022,6
2022-06-02,Turmeric,39,Guntur,FAQ,Duggirala APMC,5825.0,5000.0,5465.0,Andhra Pradesh,Finger,825.0,2022,6
2022-06-03,Turmeric,39,Guntur,FAQ,Duggirala APMC,5750.0,5300.0,5500.0,Andhra Pradesh,Finger,450.0,2022,6
2022-06-06,Turmeric,39,Guntur,FAQ,Duggirala APMC,5930.0,5100.0,5750.0,Andhra Pradesh,Finger,830.0,2022,6
2022-06-07,Turmeric,39,Guntur,FAQ,Duggirala APMC,6075.0,5600.0,5900.0,Andhra Pradesh,Finger,475.0,2022,6
2022-06-08,Turmeric,39,Guntur,FAQ,Duggirala APMC,5900.0,5200.0,5650.0,Andhra Pradesh,Finger,700.0,2022,6
2022-06-10,Turmeric,39,Guntur,FAQ,Duggirala APMC,6025.0,5400.0,5925.0,Andhra Pradesh,Finger,625.0,2022,6
2022-06-13,Turmeric,39,Guntur,FAQ,Duggirala APMC,6011.0,5400.0,5850.0,Andhra Pradesh,Finger,611.0,2022,6
2022-06-15,Turmeric,39,Guntur,FAQ,Duggirala APMC,6200.0,5200.0,5600.0,Andhra Pradesh,Finger,1000.0,2022,6
2022-06-17,Turmeric,39,Guntur,FAQ,Duggirala APMC,6275.0,5450.0,6200.0,Andhra Pradesh,Finger,825.0,2022,6
2022-06-20,Turmeric,39,Guntur,FAQ,Duggirala APMC,6275.0,5200.0,6100.0,Andhra Pradesh,Finger,1075.0,2022,6
2022-06-21,Turmeric,39,Guntur,FAQ,Duggirala APMC,6200.0,5000.0,5975.0,Andhra Pradesh,Finger,1200.0,2022,6
2022-06-24,Turmeric,39,Guntur,FAQ,Duggirala APMC,6130.0,5400.0,6000.0,Andhra Pradesh,Finger,730.0,2022,6
2022-06-27,Turmeric,39,Guntur,FAQ,Duggirala APMC,6400.0,5625.0,6050.0,Andhra Pradesh,Finger,775.0,2022,6
2022-06-28,Turmeric,39,Guntur,FAQ,Duggirala APMC,6201.0,5325.0,6000.0,Andhra Pradesh,Finger,876.0,2022,6
2022-06-29,Turmeric,39,Guntur,FAQ,Duggirala APMC,6400.0,5300.0,6050.0,Andhra Pradesh,Finger,1100.0,2022,6
2022-06-30,Turmeric,39,Guntur,FAQ,Duggirala APMC,6050.0,5100.0,5700.0,Andhra Pradesh,Finger,950.0,2022,6
2022-07-04,Turmeric,39,Guntur,FAQ,Duggirala APMC,6425.0,5300.0,5900.0,Andhra Pradesh,Finger,1125.0,2022,7
2022-07-05,Turmeric,39,Guntur,FAQ,Duggirala APMC,6500.0,5600.0,6100.0,Andhra Pradesh,Finger,900.0,2022,7
2022-07-06,Turmeric,39,Guntur,FAQ,Duggirala APMC,6600.0,5200.0,6050.0,Andhra Pradesh,Finger,1400.0,2022,7
2022-07-07,Turmeric,39,Guntur,FAQ,Duggirala APMC,6225.0,5300.0,6000.0,Andhra Pradesh,Finger,925.0,2022,7
2022-07-08,Turmeric,39,Guntur,FAQ,Duggirala APMC,6575.0,5300.0,6000.0,Andhra Pradesh,Finger,1275.0,2022,7
2022-07-11,Turmeric,39,Guntur,FAQ,Duggirala APMC,6601.0,5500.0,6000.0,Andhra Pradesh,Finger,1101.0,2022,7
2022-07-12,Turmeric,39,Guntur,FAQ,Duggirala APMC,5975.0,5400.0,5850.0,Andhra Pradesh,Finger,575.0,2022,7
2022-07-13,Turmeric,39,Guntur,FAQ,Duggirala APMC,6471.0,5200.0,6090.0,Andhra Pradesh,Finger,1271.0,2022,7
2022-07-14,Turmeric,39,Guntur,FAQ,Duggirala APMC,6350.0,5200.0,5550.0,Andhra Pradesh,Finger,1150.0,2022,7
2022-07-18,Turmeric,39,Guntur,FAQ,Duggirala APMC,6125.0,5000.0,6000.0,Andhra Pradesh,Finger,1125.0,2022,7
2022-07-19,Turmeric,39,Guntur,FAQ,Duggirala APMC,6275.0,5270.0,6050.0,Andhra Pradesh,Finger,1005.0,2022,7
2022-07-20,Turmeric,39,Guntur,FAQ,Duggirala APMC,6375.0,5270.0,5775.0,Andhra Pradesh,Finger,1105.0,2022,7
2022-07-21,Turmeric,39,Guntur,FAQ,Duggirala APMC,6250.0,5000.0,6000.0,Andhra Pradesh,Finger,1250.0,2022,7
2022-07-22,Turmeric,39,Guntur,FAQ,Duggirala APMC,6125.0,5200.0,6000.0,Andhra Pradesh,Finger,925.0,2022,7
2022-07-25,Turmeric,39,Guntur,FAQ,Duggirala APMC,6325.0,5300.0,5911.0,Andhra Pradesh,Finger,1025.0,2022,7
2022-07-26,Turmeric,39,Guntur,FAQ,Duggirala APMC,6300.0,5250.0,6061.0,Andhra Pradesh,Finger,1050.0,2022,7
2022-07-27,Turmeric,39,Guntur,FAQ,Duggirala APMC,6300.0,5300.0,5850.0,Andhra Pradesh,Finger,1000.0,2022,7
2022-07-28,Turmeric,39,Guntur,FAQ,Duggirala APMC,6300.0,5525.0,5825.0,Andhra Pradesh,Finger,775.0,2022,7
2022-07-29,Turmeric,39,Guntur,FAQ,Duggirala APMC,6090.0,5200.0,5600.0,Andhra Pradesh,Finger,890.0,2022,7
2022-08-03,Turmeric,39,Guntur,FAQ,Duggirala APMC,6300.0,5400.0,5701.0,Andhra Pradesh,Finger,900.0,2022,8
2022-08-04,Turmeric,39,Guntur,FAQ,Duggirala APMC,6000.0,5000.0,5800.0,Andhra Pradesh,Finger,1000.0,2022,8
2022-08-05,Turmeric,39,Guntur,FAQ,Duggirala APMC,5700.0,4500.0,5600.0,Andhra Pradesh,Finger,1200.0,2022,8
2022-08-08,Turmeric,39,Guntur,FAQ,Duggirala APMC,5815.0,5150.0,5521.0,Andhra Pradesh,Finger,665.0,2022,8
2022-08-10,Turmeric,39,Guntur,FAQ,Duggirala APMC,5725.0,5100.0,5675.0,Andhra Pradesh,Finger,625.0,2022,8
2022-08-11,Turmeric,39,Guntur,FAQ,Duggirala APMC,5900.0,5100.0,5410.0,Andhra Pradesh,Finger,800.0,2022,8
2022-08-17,Turmeric,39,Guntur,FAQ,Duggirala APMC,5430.0,5100.0,5200.0,Andhra Pradesh,Finger,330.0,2022,8
2022-08-18,Turmeric,39,Guntur,FAQ,Duggirala APMC,6200.0,5100.0,5870.0,Andhra Pradesh,Finger,1100.0,2022,8
2022-08-22,Turmeric,39,Guntur,FAQ,Duggirala APMC,5600.0,5050.0,5325.0,Andhra Pradesh,Finger,550.0,2022,8
2022-08-23,Turmeric,39,Guntur,FAQ,Duggirala APMC,5611.0,5100.0,5550.0,Andhra Pradesh,Finger,511.0,2022,8
2022-08-24,Turmeric,39,Guntur,FAQ,Duggirala APMC,6275.0,5680.0,5850.0,Andhra Pradesh,Finger,595.0,2022,8
2022-08-25,Turmeric,39,Guntur,FAQ,Duggirala APMC,5600.0,5250.0,5440.0,Andhra Pradesh,Finger,350.0,2022,8
2022-08-26,Turmeric,39,Guntur,FAQ,Duggirala APMC,5960.0,5800.0,5800.0,Andhra Pradesh,Finger,160.0,2022,8
2022-09-05,Turmeric,39,Guntur,FAQ,Duggirala APMC,5725.0,4900.0,5500.0,Andhra Pradesh,Finger,825.0,2022,9
2022-09-06,Turmeric,39,Guntur,FAQ,Duggirala APMC,5911.0,5100.0,5600.0,Andhra Pradesh,Finger,811.0,2022,9
2022-09-07,Turmeric,39,Guntur,FAQ,Duggirala APMC,4601.0,4450.0,4601.0,Andhra Pradesh,Finger,151.0,2022,9
2022-09-08,Turmeric,39,Guntur,FAQ,Duggirala APMC,5911.0,5500.0,5625.0,Andhra Pradesh,Finger,411.0,2022,9
2022-09-09,Turmeric,39,Guntur,FAQ,Duggirala APMC,5850.0,5000.0,5475.0,Andhra Pradesh,Finger,850.0,2022,9
2022-09-12,Turmeric,39,Guntur,FAQ,Duggirala APMC,5680.0,5000.0,5675.0,Andhra Pradesh,Finger,680.0,2022,9
2022-09-13,Turmeric,39,Guntur,FAQ,Duggirala APMC,5900.0,5200.0,5550.0,Andhra Pradesh,Finger,700.0,2022,9
2022-09-14,Turmeric,39,Guntur,FAQ,Duggirala APMC,6100.0,5100.0,5750.0,Andhra Pradesh,Finger,1000.0,2022,9
2022-09-15,Turmeric,39,Guntur,FAQ,Duggirala APMC,5450.0,4950.0,5125.0,Andhra Pradesh,Finger,500.0,2022,9
2022-09-16,Turmeric,39,Guntur,FAQ,Duggirala APMC,5535.0,4950.0,5250.0,Andhra Pradesh,Finger,585.0,2022,9
2022-09-19,Turmeric,39,Guntur,FAQ,Duggirala APMC,5000.0,4275.0,4500.0,Andhra Pradesh,Finger,725.0,2022,9
2022-09-20,Turmeric,39,Guntur,FAQ,Duggirala APMC,5250.0,5050.0,5250.0,Andhra Pradesh,Finger,200.0,2022,9
2022-09-21,Turmeric,39,Guntur,FAQ,Duggirala APMC,4900.0,4900.0,4900.0,Andhra Pradesh,Finger,0.0,2022,9
2022-09-27,Turmeric,39,Guntur,FAQ,Duggirala APMC,5650.0,4000.0,4390.0,Andhra Pradesh,Finger,1650.0,2022,9
2022-09-28,Turmeric,39,Guntur,FAQ,Duggirala APMC,4300.0,2600.0,2600.0,Andhra Pradesh,Finger,1700.0,2022,9
2022-09-30,Turmeric,39,Guntur,FAQ,Duggirala APMC,5350.0,4500.0,5350.0,Andhra Pradesh,Finger,850.0,2022,9
2022-10-06,Turmeric,39,Guntur,FAQ,Duggirala APMC,4400.0,4000.0,4000.0,Andhra Pradesh,Finger,400.0,2022,10
2022-10-10,Turmeric,39,Guntur,FAQ,Duggirala APMC,5800.0,4850.0,5600.0,Andhra Pradesh,Finger,950.0,2022,10
2022-10-17,Turmeric,39,Guntur,FAQ,Duggirala APMC,5300.0,4500.0,5200.0,Andhra Pradesh,Finger,800.0,2022,10
2022-10-19,Turmeric,39,Guntur,FAQ,Duggirala APMC,5625.0,4651.0,4651.0,Andhra Pradesh,Finger,974.0,2022,10
2022-10-26,Turmeric,39,Guntur,FAQ,Duggirala APMC,5900.0,5000.0,5000.0,Andhra Pradesh,Finger,900.0,2022,10
2022-10-31,Turmeric,39,Guntur,FAQ,Duggirala APMC,5175.0,5050.0,5100.0,Andhra Pradesh,Finger,125.0,2022,10
2022-11-02,Turmeric,39,Guntur,FAQ,Duggirala APMC,5675.0,4500.0,4700.0,Andhra Pradesh,Finger,1175.0,2022,11
2022-11-03,Turmeric,39,Guntur,FAQ,Duggirala APMC,5500.0,5000.0,5000.0,Andhra Pradesh,Finger,500.0,2022,11
2022-11-04,Turmeric,39,Guntur,FAQ,Duggirala APMC,5850.0,5450.0,5800.0,Andhra Pradesh,Finger,400.0,2022,11
2022-11-08,Turmeric,39,Guntur,FAQ,Duggirala APMC,5900.0,5100.0,5100.0,Andhra Pradesh,Finger,800.0,2022,11
2022-11-09,Turmeric,39,Guntur,FAQ,Duggirala APMC,6100.0,5350.0,5831.0,Andhra Pradesh,Finger,750.0,2022,11
2022-11-10,Turmeric,39,Guntur,FAQ,Duggirala APMC,5771.0,4500.0,5731.0,Andhra Pradesh,Finger,1271.0,2022,11
2022-11-14,Turmeric,39,Guntur,FAQ,Duggirala APMC,6325.0,4315.0,5775.0,Andhra Pradesh,Finger,2010.0,2022,11
2022-11-15,Turmeric,39,Guntur,FAQ,Duggirala APMC,5850.0,4775.0,4775.0,Andhra Pradesh,Finger,1075.0,2022,11
2022-11-16,Turmeric,39,Guntur,FAQ,Duggirala APMC,6150.0,5000.0,5725.0,Andhra Pradesh,Finger,1150.0,2022,11
2022-11-17,Turmeric,39,Guntur,FAQ,Duggirala APMC,5711.0,4150.0,5711.0,Andhra Pradesh,Finger,1561.0,2022,11
2022-11-18,Turmeric,39,Guntur,FAQ,Duggirala APMC,6025.0,4700.0,6025.0,Andhra Pradesh,Finger,1325.0,2022,11
2022-11-21,Turmeric,39,Guntur,FAQ,Duggirala APMC,5900.0,5000.0,5400.0,Andhra Pradesh,Finger,900.0,2022,11
2022-11-22,Turmeric,39,Guntur,FAQ,Duggirala APMC,6250.0,5450.0,6085.0,Andhra Pradesh,Finger,800.0,2022,11
2022-11-23,Turmeric,39,Guntur,FAQ,Duggirala APMC,6050.0,4700.0,5925.0,Andhra Pradesh,Finger,1350.0,2022,11
2022-11-25,Turmeric,39,Guntur,FAQ,Duggirala APMC,6000.0,5000.0,5000.0,Andhra Pradesh,Finger,1000.0,2022,11
2022-11-28,Turmeric,39,Guntur,FAQ,Duggirala APMC,6150.0,5750.0,6030.0,Andhra Pradesh,Finger,400.0,2022,11
2022-11-29,Turmeric,39,Guntur,FAQ,Duggirala APMC,6170.0,4800.0,5870.0,Andhra Pradesh,Finger,1370.0,2022,11
2022-11-30,Turmeric,39,Guntur,FAQ,Duggirala APMC,6050.0,5800.0,5911.0,Andhra Pradesh,Finger,250.0,2022,11
2022-12-01,Turmeric,39,Guntur,FAQ,Duggirala APMC,6000.0,5000.0,5800.0,Andhra Pradesh,Finger,1000.0,2022,12
2022-12-05,Turmeric,39,Guntur,FAQ,Duggirala APMC,5900.0,4500.0,5800.0,Andhra Pradesh,Finger,1400.0,2022,12
2022-12-06,Turmeric,39,Guntur,FAQ,Duggirala APMC,5950.0,5950.0,5950.0,Andhra Pradesh,Finger,0.0,2022,12
2022-12-08,Turmeric,39,Guntur,FAQ,Duggirala APMC,5800.0,5800.0,5800.0,Andhra Pradesh,Finger,0.0,2022,12
2022-12-09,Turmeric,39,Guntur,FAQ,Duggirala APMC,6250.0,5560.0,6135.0,Andhra Pradesh,Finger,690.0,2022,12
2022-12-13,Turmeric,39,Guntur,FAQ,Duggirala APMC,5700.0,5700.0,5700.0,Andhra Pradesh,Finger,0.0,2022,12
2022-12-15,Turmeric,39,Guntur,FAQ,Duggirala APMC,5850.0,5450.0,5800.0,Andhra Pradesh,Finger,400.0,2022,12
2022-12-19,Turmeric,39,Guntur,FAQ,Duggirala APMC,5800.0,5450.0,5700.0,Andhra Pradesh,Finger,350.0,2022,12
2022-12-20,Turmeric,39,Guntur,FAQ,Duggirala APMC,6100.0,6100.0,6100.0,Andhra Pradesh,Finger,0.0,2022,12
2022-12-21,Turmeric,39,Guntur,FAQ,Duggirala APMC,5830.0,5800.0,5825.0,Andhra Pradesh,Finger,30.0,2022,12
2022-12-22,Turmeric,39,Guntur,FAQ,Duggirala APMC,6125.0,5800.0,5950.0,Andhra Pradesh,Finger,325.0,2022,12
2022-12-23,Turmeric,39,Guntur,FAQ,Duggirala APMC,6160.0,5880.0,6011.0,Andhra Pradesh,Finger,280.0,2022,12
2022-12-26,Turmeric,39,Guntur,FAQ,Duggirala APMC,6050.0,5775.0,5900.0,Andhra Pradesh,Finger,275.0,2022,12
2022-12-27,Turmeric,39,Guntur,FAQ,Duggirala APMC,6221.0,5900.0,6100.0,Andhra Pradesh,Finger,321.0,2022,12
2022-12-28,Turmeric,39,Guntur,FAQ,Duggirala APMC,6050.0,5725.0,5930.0,Andhra Pradesh,Finger,325.0,2022,12
2022-12-29,Turmeric,39,Guntur,FAQ,Duggirala APMC,6150.0,5950.0,6131.0,Andhra Pradesh,Finger,200.0,2022,12
2022-12-30,Turmeric,39,Guntur,FAQ,Duggirala APMC,5950.0,5950.0,5950.0,Andhra Pradesh,Finger,0.0,2022,12
2023-01-02,Turmeric,39,Guntur,FAQ,Duggirala APMC,5871.0,5750.0,5750.0,Andhra Pradesh,Finger,121.0,2023,1
2023-01-03,Turmeric,39,Guntur,FAQ,Duggirala APMC,5900.0,5900.0,5900.0,Andhra Pradesh,Finger,0.0,2023,1
2023-01-04,Turmeric,39,Guntur,FAQ,Duggirala APMC,6500.0,5525.0,5725.0,Andhra Pradesh,Finger,975.0,2023,1
2023-01-06,Turmeric,39,Guntur,FAQ,Duggirala APMC,5700.0,5100.0,5575.0,Andhra Pradesh,Finger,600.0,2023,1
2023-01-09,Turmeric,39,Guntur,FAQ,Duggirala APMC,6135.0,5700.0,5750.0,Andhra Pradesh,Finger,435.0,2023,1
2023-01-10,Turmeric,39,Guntur,FAQ,Duggirala APMC,5975.0,4825.0,5300.0,Andhra Pradesh,Finger,1150.0,2023,1
2023-01-11,Turmeric,39,Guntur,FAQ,Duggirala APMC,5700.0,5600.0,5675.0,Andhra Pradesh,Finger,100.0,2023,1
2023-01-12,Turmeric,39,Guntur,FAQ,Duggirala APMC,5550.0,4950.0,5311.0,Andhra Pradesh,Finger,600.0,2023,1
2023-01-18,Turmeric,39,Guntur,FAQ,Duggirala APMC,5725.0,5425.0,5725.0,Andhra Pradesh,Finger,300.0,2023,1
2023-01-19,Turmeric,39,Guntur,FAQ,Duggirala APMC,5825.0,3000.0,5825.0,Andhra Pradesh,Finger,2825.0,2023,1
2023-01-20,Turmeric,39,Guntur,FAQ,Duggirala APMC,5940.0,5100.0,5760.0,Andhra Pradesh,Finger,840.0,2023,1
2023-01-23,Turmeric,39,Guntur,FAQ,Duggirala APMC,5875.0,5100.0,5790.0,Andhra Pradesh,Finger,775.0,2023,1
2023-01-24,Turmeric,39,Guntur,FAQ,Duggirala APMC,6155.0,5100.0,5751.0,Andhra Pradesh,Finger,1055.0,2023,1
2023-01-25,Turmeric,39,Guntur,FAQ,Duggirala APMC,6211.0,6211.0,6211.0,Andhra Pradesh,Finger,0.0,2023,1
2023-01-27,Turmeric,39,Guntur,FAQ,Duggirala APMC,5650.0,4800.0,5650.0,Andhra Pradesh,Finger,850.0,2023,1
2023-01-30,Turmeric,39,Guntur,FAQ,Duggirala APMC,5850.0,4600.0,5550.0,Andhra Pradesh,Finger,1250.0,2023,1
2023-01-31,Turmeric,39,Guntur,FAQ,Duggirala APMC,5200.0,3600.0,5000.0,Andhra Pradesh,Finger,1600.0,2023,1
2023-02-02,Turmeric,39,Guntur,FAQ,Duggirala APMC,5645.0,4350.0,5550.0,Andhra Pradesh,Finger,1295.0,2023,2
2023-02-03,Turmeric,39,Guntur,FAQ,Duggirala APMC,5700.0,4600.0,5450.0,Andhra Pradesh,Finger,1100.0,2023,2
2023-02-06,Turmeric,39,Guntur,FAQ,Duggirala APMC,5500.0,4675.0,5300.0,Andhra Pradesh,Finger,825.0,2023,2
2023-02-07,Turmeric,39,Guntur,FAQ,Duggirala APMC,5970.0,5300.0,5970.0,Andhra Pradesh,Finger,670.0,2023,2
2023-02-08,Turmeric,39,Guntur,FAQ,Duggirala APMC,5280.0,4800.0,5280.0,Andhra Pradesh,Finger,480.0,2023,2
2023-02-09,Turmeric,39,Guntur,FAQ,Duggirala APMC,5200.0,4700.0,5100.0,Andhra Pradesh,Finger,500.0,2023,2
2023-02-16,Turmeric,39,Guntur,FAQ,Duggirala APMC,5275.0,4700.0,5225.0,Andhra Pradesh,Finger,575.0,2023,2
2023-02-17,Turmeric,39,Guntur,FAQ,Duggirala APMC,5050.0,4700.0,4850.0,Andhra Pradesh,Finger,350.0,2023,2
2023-02-23,Turmeric,39,Guntur,FAQ,Duggirala APMC,5200.0,4600.0,5200.0,Andhra Pradesh,Finger,600.0,2023,2
2023-02-24,Turmeric,39,Guntur,FAQ,Duggirala APMC,5300.0,4400.0,5300.0,Andhra Pradesh,Finger,900.0,2023,2
2023-02-27,Turmeric,39,Guntur,FAQ,Duggirala APMC,5431.0,4550.0,5300.0,Andhra Pradesh,Finger,881.0,2023,2
2023-02-28,Turmeric,39,Guntur,FAQ,Duggirala APMC,5585.0,4711.0,4800.0,Andhra Pradesh,Finger,874.0,2023,2
2023-03-06,Turmeric,39,Guntur,FAQ,Duggirala APMC,5500.0,4350.0,5350.0,Andhra Pradesh,Finger,1150.0,2023,3
2023-03-07,Turmeric,39,Guntur,FAQ,Duggirala APMC,5375.0,4675.0,5321.0,Andhra Pradesh,Finger,700.0,2023,3
2023-03-09,Turmeric,39,Guntur,FAQ,Duggirala APMC,5200.0,3900.0,4011.0,Andhra Pradesh,Finger,1300.0,2023,3
2023-03-10,Turmeric,39,Guntur,FAQ,Duggirala APMC,5325.0,5075.0,5075.0,Andhra Pradesh,Finger,250.0,2023,3
2023-03-13,Turmeric,39,Guntur,FAQ,Duggirala APMC,5800.0,4300.0,5451.0,Andhra Pradesh,Finger,1500.0,2023,3
2023-03-14,Turmeric,39,Guntur,FAQ,Duggirala APMC,5411.0,5411.0,5411.0,Andhra Pradesh,Finger,0.0,2023,3
2023-03-16,Turmeric,39,Guntur,FAQ,Duggirala APMC,5425.0,5201.0,5201.0,Andhra Pradesh,Finger,224.0,2023,3
2023-03-17,Turmeric,39,Guntur,FAQ,Duggirala APMC,5500.0,5500.0,5500.0,Andhra Pradesh,Finger,0.0,2023,3
2023-03-20,Turmeric,39,Guntur,FAQ,Duggirala APMC,5350.0,4000.0,5200.0,Andhra Pradesh,Finger,1350.0,2023,3
2023-03-21,Turmeric,39,Guntur,FAQ,Duggirala APMC,5175.0,3000.0,5175.0,Andhra Pradesh,Finger,2175.0,2023,3
2023-03-23,Turmeric,39,Guntur,FAQ,Duggirala APMC,5231.0,4021.0,5231.0,Andhra Pradesh,Finger,1210.0,2023,3
2023-03-24,Turmeric,39,Guntur,FAQ,Duggirala APMC,5371.0,4900.0,5371.0,Andhra Pradesh,Finger,471.0,2023,3
2023-03-27,Turmeric,39,Guntur,FAQ,Duggirala APMC,5211.0,5111.0,5191.0,Andhra Pradesh,Finger,100.0,2023,3
2023-03-29,Turmeric,39,Guntur,FAQ,Duggirala APMC,5450.0,4600.0,5100.0,Andhra Pradesh,Finger,850.0,2023,3
2023-04-06,Turmeric,39,Guntur,FAQ,Duggirala APMC,5575.0,4001.0,4905.0,Andhra Pradesh,Finger,1574.0,2023,4
2023-04-10,Turmeric,39,Guntur,FAQ,Duggirala APMC,5400.0,4100.0,4950.0,Andhra Pradesh,Finger,1300.0,2023,4
2023-04-11,Turmeric,39,Guntur,FAQ,Duggirala APMC,5150.0,4300.0,4900.0,Andhra Pradesh,Finger,850.0,2023,4
2023-04-12,Turmeric,39,Guntur,FAQ,Duggirala APMC,4900.0,4000.0,4700.0,Andhra Pradesh,Finger,900.0,2023,4
2023-04-13,Turmeric,39,Guntur,FAQ,Duggirala APMC,5250.0,4300.0,4500.0,Andhra Pradesh,Finger,950.0,2023,4
2023-04-17,Turmeric,39,Guntur,FAQ,Duggirala APMC,5450.0,4150.0,4775.0,Andhra Pradesh,Finger,1300.0,2023,4
2023-04-18,Turmeric,39,Guntur,FAQ,Duggirala APMC,5260.0,4611.0,4625.0,Andhra Pradesh,Finger,649.0,2023,4
2023-04-19,Turmeric,39,Guntur,FAQ,Duggirala APMC,5100.0,4250.0,4675.0,Andhra Pradesh,Finger,850.0,2023,4
2023-04-20,Turmeric,39,Guntur,FAQ,Duggirala APMC,5100.0,4000.0,5000.0,Andhra Pradesh,Finger,1100.0,2023,4
2023-04-21,Turmeric,39,Guntur,FAQ,Duggirala APMC,5100.0,4200.0,4800.0,Andhra Pradesh,Finger,900.0,2023,4
2023-04-24,Turmeric,39,Guntur,FAQ,Duggirala APMC,5980.0,4025.0,4825.0,Andhra Pradesh,Finger,1955.0,2023,4
2023-04-25,Turmeric,39,Guntur,FAQ,Duggirala APMC,5500.0,4611.0,4850.0,Andhra Pradesh,Finger,889.0,2023,4
2023-04-26,Turmeric,39,Guntur,FAQ,Duggirala APMC,5500.0,4725.0,4950.0,Andhra Pradesh,Finger,775.0,2023,4
2023-04-27,Turmeric,39,Guntur,FAQ,Duggirala APMC,5275.0,4601.0,4951.0,Andhra Pradesh,Finger,674.0,2023,4
2023-04-28,Turmeric,39,Guntur,FAQ,Duggirala APMC,5400.0,4625.0,5100.0,Andhra Pradesh,Finger,775.0,2023,4
2023-05-02,Turmeric,39,Guntur,FAQ,Duggirala APMC,5450.0,4600.0,5200.0,Andhra Pradesh,Finger,850.0,2023,5
2023-05-03,Turmeric,39,Guntur,FAQ,Duggirala APMC,5650.0,4700.0,5100.0,Andhra Pradesh,Finger,950.0,2023,5
2023-05-04,Turmeric,39,Guntur,FAQ,Duggirala APMC,5550.0,4800.0,5511.0,Andhra Pradesh,Finger,750.0,2023,5
2023-05-05,Turmeric,39,Guntur,FAQ,Duggirala APMC,5311.0,4700.0,5225.0,Andhra Pradesh,Finger,611.0,2023,5
2023-05-08,Turmeric,39,Guntur,FAQ,Duggirala APMC,5600.0,4700.0,5360.0,Andhra Pradesh,Finger,900.0,2023,5
2023-05-09,Turmeric,39,Guntur,FAQ,Duggirala APMC,5600.0,4400.0,5400.0,Andhra Pradesh,Finger,1200.0,2023,5
2023-05-10,Turmeric,39,Guntur,FAQ,Duggirala APMC,6000.0,4850.0,5600.0,Andhra Pradesh,Finger,1150.0,2023,5
2023-05-11,Turmeric,39,Guntur,FAQ,Duggirala APMC,6100.0,4800.0,5415.0,Andhra Pradesh,Finger,1300.0,2023,5
2023-05-12,Turmeric,39,Guntur,FAQ,Duggirala APMC,5911.0,4500.0,5500.0,Andhra Pradesh,Finger,1411.0,2023,5
2023-05-15,Turmeric,39,Guntur,FAQ,Duggirala APMC,6050.0,4900.0,5900.0,Andhra Pradesh,Finger,1150.0,2023,5
2023-05-16,Turmeric,39,Guntur,FAQ,Duggirala APMC,6250.0,5250.0,5950.0,Andhra Pradesh,Finger,1000.0,2023,5
2023-05-17,Turmeric,39,Guntur,FAQ,Duggirala APMC,6300.0,5400.0,5800.0,Andhra Pradesh,Finger,900.0,2023,5
2023-05-18,Turmeric,39,Guntur,FAQ,Duggirala APMC,6100.0,5500.0,5881.0,Andhra Pradesh,Finger,600.0,2023,5
2023-05-19,Turmeric,39,Guntur,FAQ,Duggirala APMC,6475.0,5200.0,5850.0,Andhra Pradesh,Finger,1275.0,2023,5
2023-05-22,Turmeric,39,Guntur,FAQ,Duggirala APMC,5875.0,5300.0,5800.0,Andhra Pradesh,Finger,575.0,2023,5
2023-05-23,Turmeric,39,Guntur,FAQ,Duggirala APMC,5900.0,5000.0,5450.0,Andhra Pradesh,Finger,900.0,2023,5
2023-05-24,Turmeric,39,Guntur,FAQ,Duggirala APMC,5771.0,5125.0,5475.0,Andhra Pradesh,Finger,646.0,2023,5
2023-05-25,Turmeric,39,Guntur,FAQ,Duggirala APMC,5700.0,5050.0,5700.0,Andhra Pradesh,Finger,650.0,2023,5
2023-05-26,Turmeric,39,Guntur,FAQ,Duggirala APMC,5700.0,5450.0,5700.0,Andhra Pradesh,Finger,250.0,2023,5
2023-05-29,Turmeric,39,Guntur,FAQ,Duggirala APMC,5811.0,5100.0,5400.0,Andhra Pradesh,Finger,711.0,2023,5
2023-05-30,Turmeric,39,Guntur,FAQ,Duggirala APMC,5811.0,5000.0,5600.0,Andhra Pradesh,Finger,811.0,2023,5
2023-05-31,Turmeric,39,Guntur,FAQ,Duggirala APMC,5575.0,5350.0,5550.0,Andhra Pradesh,Finger,225.0,2023,5
2023-06-01,Turmeric,39,Guntur,FAQ,Duggirala APMC,5500.0,5050.0,5400.0,Andhra Pradesh,Finger,450.0,2023,6
2023-06-02,Turmeric,39,Guntur,FAQ,Duggirala APMC,5500.0,4800.0,5150.0,Andhra Pradesh,Finger,700.0,2023,6
2023-06-05,Turmeric,39,Guntur,FAQ,Duggirala APMC,5500.0,4800.0,5125.0,Andhra Pradesh,Finger,700.0,2023,6
2023-06-06,Turmeric,39,Guntur,FAQ,Duggirala APMC,5500.0,4900.0,5300.0,Andhra Pradesh,Finger,600.0,2023,6
2023-06-08,Turmeric,39,Guntur,FAQ,Duggirala APMC,5625.0,4650.0,5550.0,Andhra Pradesh,Finger,975.0,2023,6
2023-06-09,Turmeric,39,Guntur,FAQ,Duggirala APMC,5390.0,4000.0,5321.0,Andhra Pradesh,Finger,1390.0,2023,6
2023-06-12,Turmeric,39,Guntur,FAQ,Duggirala APMC,5300.0,4700.0,5175.0,Andhra Pradesh,Finger,600.0,2023,6
2023-06-13,Turmeric,39,Guntur,FAQ,Duggirala APMC,5450.0,4675.0,4900.0,Andhra Pradesh,Finger,775.0,2023,6
2023-06-15,Turmeric,39,Guntur,FAQ,Duggirala APMC,5600.0,5075.0,5350.0,Andhra Pradesh,Finger,525.0,2023,6
2023-06-16,Turmeric,39,Guntur,FAQ,Duggirala APMC,5815.0,5400.0,5600.0,Andhra Pradesh,Finger,415.0,2023,6
2023-06-19,Turmeric,39,Guntur,FAQ,Duggirala APMC,6011.0,5130.0,5500.0,Andhra Pradesh,Finger,881.0,2023,6
2023-06-20,Turmeric,39,Guntur,FAQ,Duggirala APMC,6025.0,5200.0,5500.0,Andhra Pradesh,Finger,825.0,2023,6
2023-06-21,Turmeric,39,Guntur,FAQ,Duggirala APMC,6000.0,5100.0,5600.0,Andhra Pradesh,Finger,900.0,2023,6
2023-06-22,Turmeric,39,Guntur,FAQ,Duggirala APMC,6011.0,5550.0,5800.0,Andhra Pradesh,Finger,461.0,2023,6
2023-06-23,Turmeric,39,Guntur,FAQ,Duggirala APMC,5800.0,5350.0,5500.0,Andhra Pradesh,Finger,450.0,2023,6
2023-06-26,Turmeric,39,Guntur,FAQ,Duggirala APMC,6250.0,5300.0,6000.0,Andhra Pradesh,Finger,950.0,2023,6
2023-06-27,Turmeric,39,Guntur,FAQ,Duggirala APMC,6100.0,5300.0,5750.0,Andhra Pradesh,Finger,800.0,2023,6
2023-06-28,Turmeric,39,Guntur,FAQ,Duggirala APMC,6050.0,5000.0,5700.0,Andhra Pradesh,Finger,1050.0,2023,6
2023-06-30,Turmeric,39,Guntur,FAQ,Duggirala APMC,6100.0,5400.0,5850.0,Andhra Pradesh,Finger,700.0,2023,6
2023-07-03,Turmeric,39,Guntur,FAQ,Duggirala APMC,6400.0,5400.0,5975.0,Andhra Pradesh,Finger,1000.0,2023,7
2023-07-05,Turmeric,39,Guntur,FAQ,Duggirala APMC,6100.0,5500.0,6000.0,Andhra Pradesh,Finger,600.0,2023,7
2023-07-06,Turmeric,39,Guntur,FAQ,Duggirala APMC,6300.0,5725.0,6000.0,Andhra Pradesh,Finger,575.0,2023,7
2023-07-07,Turmeric,39,Guntur,FAQ,Duggirala APMC,6511.0,5600.0,6125.0,Andhra Pradesh,Finger,911.0,2023,7
2023-07-10,Turmeric,39,Guntur,FAQ,Duggirala APMC,6650.0,6150.0,6150.0,Andhra Pradesh,Finger,500.0,2023,7
2023-07-11,Turmeric,39,Guntur,FAQ,Duggirala APMC,7400.0,6401.0,7000.0,Andhra Pradesh,Finger,999.0,2023,7
2023-07-12,Turmeric,39,Guntur,FAQ,Duggirala APMC,7200.0,6000.0,7000.0,Andhra Pradesh,Finger,1200.0,2023,7
2023-07-13,Turmeric,39,Guntur,FAQ,Duggirala APMC,7600.0,6300.0,6700.0,Andhra Pradesh,Finger,1300.0,2023,7
2023-07-14,Turmeric,39,Guntur,FAQ,Duggirala APMC,7801.0,6500.0,7100.0,Andhra Pradesh,Finger,1301.0,2023,7
2023-07-17,Turmeric,39,Guntur,FAQ,Duggirala APMC,9100.0,7000.0,8100.0,Andhra Pradesh,Finger,2100.0,2023,7
2023-07-18,Turmeric,39,Guntur,FAQ,Duggirala APMC,9289.0,7200.0,9025.0,Andhra Pradesh,Finger,2089.0,2023,7
2023-07-20,Turmeric,39,Guntur,FAQ,Duggirala APMC,9625.0,7800.0,9000.0,Andhra Pradesh,Finger,1825.0,2023,7
2023-07-21,Turmeric,39,Guntur,FAQ,Duggirala APMC,9575.0,8250.0,9325.0,Andhra Pradesh,Finger,1325.0,2023,7
2023-07-24,Turmeric,39,Guntur,FAQ,Duggirala APMC,9500.0,8700.0,9050.0,Andhra Pradesh,Finger,800.0,2023,7
2023-07-25,Turmeric,39,Guntur,FAQ,Duggirala APMC,9641.0,8400.0,9275.0,Andhra Pradesh,Finger,1241.0,2023,7
2023-07-26,Turmeric,39,Guntur,FAQ,Duggirala APMC,9491.0,8050.0,8300.0,Andhra Pradesh,Finger,1441.0,2023,7
2023-07-27,Turmeric,39,Guntur,FAQ,Duggirala APMC,9550.0,9100.0,9475.0,Andhra Pradesh,Finger,450.0,2023,7
2023-07-28,Turmeric,39,Guntur,FAQ,Duggirala APMC,9400.0,7000.0,9100.0,Andhra Pradesh,Finger,2400.0,2023,7
2023-07-31,Turmeric,39,Guntur,FAQ,Duggirala APMC,10511.0,7000.0,9500.0,Andhra Pradesh,Finger,3511.0,2023,7
2023-08-03,Turmeric,39,Guntur,FAQ,Duggirala APMC,10400.0,9700.0,10300.0,Andhra Pradesh,Finger,700.0,2023,8
2023-08-04,Turmeric,39,Guntur,FAQ,Duggirala APMC,10575.0,9000.0,10321.0,Andhra Pradesh,Finger,1575.0,2023,8
2023-08-07,Turmeric,39,Guntur,FAQ,Duggirala APMC,11051.0,8600.0,10500.0,Andhra Pradesh,Finger,2451.0,2023,8
2023-08-08,Turmeric,39,Guntur,FAQ,Duggirala APMC,11000.0,9700.0,10525.0,Andhra Pradesh,Finger,1300.0,2023,8
2023-08-09,Turmeric,39,Guntur,FAQ,Duggirala APMC,10460.0,9000.0,10175.0,Andhra Pradesh,Finger,1460.0,2023,8
2023-08-11,Turmeric,39,Guntur,FAQ,Duggirala APMC,11750.0,8200.0,10911.0,Andhra Pradesh,Finger,3550.0,2023,8
2023-08-14,Turmeric,39,Guntur,FAQ,Duggirala APMC,10900.0,10100.0,10450.0,Andhra Pradesh,Finger,800.0,2023,8
2023-08-17,Turmeric,39,Guntur,FAQ,Duggirala APMC,10900.0,8600.0,10450.0,Andhra Pradesh,Finger,2300.0,2023,8
2023-08-18,Turmeric,39,Guntur,FAQ,Duggirala APMC,10500.0,9500.0,10500.0,Andhra Pradesh,Finger,1000.0,2023,8
2023-08-21,Turmeric,39,Guntur,FAQ,Duggirala APMC,10700.0,9200.0,10350.0,Andhra Pradesh,Finger,1500.0,2023,8
2023-08-22,Turmeric,39,Guntur,FAQ,Duggirala APMC,10650.0,9300.0,10425.0,Andhra Pradesh,Finger,1350.0,2023,8
2023-08-23,Turmeric,39,Guntur,FAQ,Duggirala APMC,10570.0,9500.0,10050.0,Andhra Pradesh,Finger,1070.0,2023,8
2023-08-24,Turmeric,39,Guntur,FAQ,Duggirala APMC,10900.0,9000.0,10400.0,Andhra Pradesh,Finger,1900.0,2023,8
2023-08-28,Turmeric,39,Guntur,FAQ,Duggirala APMC,10600.0,9900.0,10051.0,Andhra Pradesh,Finger,700.0,2023,8
2023-09-04,Turmeric,39,Guntur,FAQ,Duggirala APMC,10500.0,9100.0,9650.0,Andhra Pradesh,Finger,1400.0,2023,9
2023-09-05,Turmeric,39,Guntur,FAQ,Duggirala APMC,10200.0,9000.0,9900.0,Andhra Pradesh,Finger,1200.0,2023,9
2023-09-08,Turmeric,39,Guntur,FAQ,Duggirala APMC,9500.0,8850.0,9500.0,Andhra Pradesh,Finger,650.0,2023,9
2023-09-12,Turmeric,39,Guntur,FAQ,Duggirala APMC,10070.0,8700.0,9620.0,Andhra Pradesh,Finger,1370.0,2023,9
2023-09-13,Turmeric,39,Guntur,FAQ,Duggirala APMC,9400.0,7800.0,9050.0,Andhra Pradesh,Finger,1600.0,2023,9
2023-09-14,Turmeric,39,Guntur,FAQ,Duggirala APMC,9350.0,7400.0,9350.0,Andhra Pradesh,Finger,1950.0,2023,9
2023-09-19,Turmeric,39,Guntur,FAQ,Duggirala APMC,8000.0,8000.0,8000.0,Andhra Pradesh,Finger,0.0,2023,9
2023-09-22,Turmeric,39,Guntur,FAQ,Duggirala APMC,9775.0,8000.0,9700.0,Andhra Pradesh,Finger,1775.0,2023,9
2023-09-25,Turmeric,39,Guntur,FAQ,Duggirala APMC,9590.0,8000.0,9590.0,Andhra Pradesh,Finger,1590.0,2023,9
2023-10-04,Turmeric,39,Guntur,FAQ,Duggirala APMC,9650.0,7001.0,9650.0,Andhra Pradesh,Finger,2649.0,2023,10
2023-10-10,Turmeric,39,Guntur,FAQ,Duggirala APMC,10550.0,8400.0,9921.0,Andhra Pradesh,Finger,2150.0,2023,10
2023-10-11,Turmeric,39,Guntur,FAQ,Duggirala APMC,10375.0,8200.0,10375.0,Andhra Pradesh,Finger,2175.0,2023,10
2023-10-13,Turmeric,39,Guntur,FAQ,Duggirala APMC,9250.0,9250.0,9250.0,Andhra Pradesh,Finger,0.0,2023,10
2023-10-18,Turmeric,39,Guntur,FAQ,Duggirala APMC,9780.0,8500.0,9250.0,Andhra Pradesh,Finger,1280.0,2023,10
2023-10-20,Turmeric,39,Guntur,FAQ,Duggirala APMC,10275.0,9700.0,10275.0,Andhra Pradesh,Finger,575.0,2023,10
2023-10-30,Turmeric,39,Guntur,FAQ,Duggirala APMC,9900.0,7000.0,9900.0,Andhra Pradesh,Finger,2900.0,2023,10
2023-11-02,Turmeric,39,Guntur,FAQ,Duggirala APMC,10250.0,9100.0,10250.0,Andhra Pradesh,Finger,1150.0,2023,11
2023-11-06,Turmeric,39,Guntur,FAQ,Duggirala APMC,10000.0,9000.0,10000.0,Andhra Pradesh,Finger,1000.0,2023,11
2023-11-09,Turmeric,39,Guntur,FAQ,Duggirala APMC,9750.0,9750.0,9750.0,Andhra Pradesh,Finger,0.0,2023,11
2023-11-10,Turmeric,39,Guntur,FAQ,Duggirala APMC,10000.0,8400.0,10000.0,Andhra Pradesh,Finger,1600.0,2023,11
2023-11-15,Turmeric,39,Guntur,FAQ,Duggirala APMC,10650.0,8900.0,10050.0,Andhra Pradesh,Finger,1750.0,2023,11
2023-11-17,Turmeric,39,Guntur,FAQ,Duggirala APMC,10230.0,10100.0,10230.0,Andhra Pradesh,Finger,130.0,2023,11
2023-11-20,Turmeric,39,Guntur,FAQ,Duggirala APMC,11200.0,9950.0,9950.0,Andhra Pradesh,Finger,1250.0,2023,11
2023-11-24,Turmeric,39,Guntur,FAQ,Duggirala APMC,9950.0,9775.0,9775.0,Andhra Pradesh,Finger,175.0,2023,11
2023-11-27,Turmeric,39,Guntur,FAQ,Duggirala APMC,10500.0,8400.0,10100.0,Andhra Pradesh,Finger,2100.0,2023,11
2023-11-28,Turmeric,39,Guntur,FAQ,Duggirala APMC,10000.0,10000.0,10000.0,Andhra Pradesh,Finger,0.0,2023,11
2023-12-01,Turmeric,39,Guntur,FAQ,Duggirala APMC,10300.0,8000.0,10100.0,Andhra Pradesh,Finger,2300.0,2023,12
2023-12-07,Turmeric,39,Guntur,FAQ,Duggirala APMC,11000.0,9800.0,10225.0,Andhra Pradesh,Finger,1200.0,2023,12
2023-12-11,Turmeric,39,Guntur,FAQ,Duggirala APMC,11000.0,8080.0,10260.0,Andhra Pradesh,Finger,2920.0,2023,12
2023-12-12,Turmeric,39,Guntur,FAQ,Duggirala APMC,10850.0,9850.0,10300.0,Andhra Pradesh,Finger,1000.0,2023,12
2023-12-13,Turmeric,39,Guntur,FAQ,Duggirala APMC,10350.0,8300.0,10350.0,Andhra Pradesh,Finger,2050.0,2023,12
2023-12-15,Turmeric,39,Guntur,FAQ,Duggirala APMC,10450.0,9750.0,10125.0,Andhra Pradesh,Finger,700.0,2023,12
2023-12-18,Turmeric,39,Guntur,FAQ,Duggirala APMC,10711.0,8550.0,10150.0,Andhra Pradesh,Finger,2161.0,2023,12
2023-12-21,Turmeric,39,Guntur,FAQ,Duggirala APMC,10460.0,10111.0,10460.0,Andhra Pradesh,Finger,349.0,2023,12
2023-12-26,Turmeric,39,Guntur,FAQ,Duggirala APMC,10375.0,7500.0,10200.0,Andhra Pradesh,Finger,2875.0,2023,12
2023-12-28,Turmeric,39,Guntur,FAQ,Duggirala APMC,10700.0,8350.0,10325.0,Andhra Pradesh,Finger,2350.0,2023,12
2023-12-29,Turmeric,39,Guntur,FAQ,Duggirala APMC,10500.0,8325.0,10360.0,Andhra Pradesh,Finger,2175.0,2023,12
2024-01-09,Turmeric,39,Guntur,FAQ,Duggirala APMC,10100.0,8600.0,9300.0,Andhra Pradesh,Finger,1500.0,2024,1
2024-01-11,Turmeric,39,Guntur,FAQ,Duggirala APMC,9700.0,9500.0,9500.0,Andhra Pradesh,Finger,200.0,2024,1
2024-01-17,Turmeric,39,Guntur,FAQ,Duggirala APMC,10200.0,8300.0,9975.0,Andhra Pradesh,Finger,1900.0,2024,1
2024-01-19,Turmeric,39,Guntur,FAQ,Duggirala APMC,10300.0,8200.0,10175.0,Andhra Pradesh,Finger,2100.0,2024,1
2024-01-22,Turmeric,39,Guntur,FAQ,Duggirala APMC,10150.0,9400.0,10001.0,Andhra Pradesh,Finger,750.0,2024,1
2024-01-23,Turmeric,39,Guntur,FAQ,Duggirala APMC,9400.0,9400.0,9400.0,Andhra Pradesh,Finger,0.0,2024,1
2024-01-24,Turmeric,39,Guntur,FAQ,Duggirala APMC,10200.0,10200.0,10200.0,Andhra Pradesh,Finger,0.0,2024,1
2024-01-25,Turmeric,39,Guntur,FAQ,Duggirala APMC,11125.0,9300.0,11060.0,Andhra Pradesh,Finger,1825.0,2024,1
2024-01-29,Turmeric,39,Guntur,FAQ,Duggirala APMC,11225.0,9325.0,11225.0,Andhra Pradesh,Finger,1900.0,2024,1
2024-01-30,Turmeric,39,Guntur,FAQ,Duggirala APMC,11230.0,9100.0,10000.0,Andhra Pradesh,Finger,2130.0,2024,1
2024-01-31,Turmeric,39,Guntur,FAQ,Duggirala APMC,11200.0,9800.0,9800.0,Andhra Pradesh,Finger,1400.0,2024,1
2024-02-01,Turmeric,39,Guntur,FAQ,Duggirala APMC,11550.0,10550.0,10800.0,Andhra Pradesh,Finger,1000.0,2024,2
2024-02-02,Turmeric,39,Guntur,FAQ,Duggirala APMC,10775.0,9300.0,10775.0,Andhra Pradesh,Finger,1475.0,2024,2
2024-02-06,Turmeric,39,Guntur,FAQ,Duggirala APMC,10600.0,8600.0,10600.0,Andhra Pradesh,Finger,2000.0,2024,2
2024-02-07,Turmeric,39,Guntur,FAQ,Duggirala APMC,11000.0,11000.0,11000.0,Andhra Pradesh,Finger,0.0,2024,2
2024-02-08,Turmeric,39,Guntur,FAQ,Duggirala APMC,11361.0,10400.0,10400.0,Andhra Pradesh,Finger,961.0,2024,2
2024-02-09,Turmeric,39,Guntur,FAQ,Duggirala APMC,11525.0,10500.0,11500.0,Andhra Pradesh,Finger,1025.0,2024,2
2024-02-12,Turmeric,39,Guntur,FAQ,Duggirala APMC,10800.0,10800.0,10800.0,Andhra Pradesh,Finger,0.0,2024,2
2024-02-13,Turmeric,39,Guntur,FAQ,Duggirala APMC,11800.0,10000.0,10800.0,Andhra Pradesh,Finger,1800.0,2024,2
2024-02-15,Turmeric,39,Guntur,FAQ,Duggirala APMC,9200.0,9200.0,9200.0,Andhra Pradesh,Finger,0.0,2024,2
2024-02-16,Turmeric,39,Guntur,FAQ,Duggirala APMC,11975.0,10100.0,11400.0,Andhra Pradesh,Finger,1875.0,2024,2
2024-02-19,Turmeric,39,Guntur,FAQ,Duggirala APMC,11700.0,9800.0,11700.0,Andhra Pradesh,Finger,1900.0,2024,2
2024-02-20,Turmeric,39,Guntur,FAQ,Duggirala APMC,11700.0,9500.0,10700.0,Andhra Pradesh,Finger,2200.0,2024,2
2024-02-26,Turmeric,39,Guntur,FAQ,Duggirala APMC,11800.0,11500.0,11600.0,Andhra Pradesh,Finger,300.0,2024,2
2024-02-28,Turmeric,39,Guntur,FAQ,Duggirala APMC,12125.0,11400.0,11990.0,Andhra Pradesh,Finger,725.0,2024,2
2024-02-29,Turmeric,39,Guntur,FAQ,Duggirala APMC,12500.0,12100.0,12500.0,Andhra Pradesh,Finger,400.0,2024,2
2024-03-01,Turmeric,39,Guntur,FAQ,Duggirala APMC,12825.0,12660.0,12725.0,Andhra Pradesh,Finger,165.0,2024,3
2024-03-04,Turmeric,39,Guntur,FAQ,Duggirala APMC,13600.0,12900.0,13600.0,Andhra Pradesh,Finger,700.0,2024,3
2024-03-06,Turmeric,39,Guntur,FAQ,Duggirala APMC,13600.0,12300.0,12950.0,Andhra Pradesh,Finger,1300.0,2024,3
2024-03-07,Turmeric,39,Guntur,FAQ,Duggirala APMC,13400.0,10011.0,12825.0,Andhra Pradesh,Finger,3389.0,2024,3
2024-03-12,Turmeric,39,Guntur,FAQ,Duggirala APMC,14300.0,12400.0,13700.0,Andhra Pradesh,Finger,1900.0,2024,3
2024-03-14,Turmeric,39,Guntur,FAQ,Duggirala APMC,15400.0,10450.0,15311.0,Andhra Pradesh,Finger,4950.0,2024,3
2024-03-19,Turmeric,39,Guntur,FAQ,Duggirala APMC,14500.0,13200.0,13900.0,Andhra Pradesh,Finger,1300.0,2024,3
2024-03-21,Turmeric,39,Guntur,FAQ,Duggirala APMC,13500.0,11500.0,13500.0,Andhra Pradesh,Finger,2000.0,2024,3
2024-03-26,Turmeric,39,Guntur,FAQ,Duggirala APMC,14501.0,11011.0,13150.0,Andhra Pradesh,Finger,3490.0,2024,3
2024-04-02,Turmeric,39,Guntur,FAQ,Duggirala APMC,13775.0,13500.0,13550.0,Andhra Pradesh,Finger,275.0,2024,4
2024-04-03,Turmeric,39,Guntur,FAQ,Duggirala APMC,14151.0,10114.0,14000.0,Andhra Pradesh,Finger,4037.0,2024,4
2024-04-04,Turmeric,39,Guntur,FAQ,Duggirala APMC,14150.0,12501.0,13250.0,Andhra Pradesh,Finger,1649.0,2024,4
2024-04-08,Turmeric,39,Guntur,FAQ,Duggirala APMC,14001.0,12900.0,13500.0,Andhra Pradesh,Finger,1101.0,2024,4
2024-04-10,Turmeric,39,Guntur,FAQ,Duggirala APMC,13900.0,12500.0,13325.0,Andhra Pradesh,Finger,1400.0,2024,4
2024-04-15,Turmeric,39,Guntur,FAQ,Duggirala APMC,13711.0,12100.0,13300.0,Andhra Pradesh,Finger,1611.0,2024,4
2024-04-16,Turmeric,39,Guntur,FAQ,Duggirala APMC,14200.0,12100.0,13450.0,Andhra Pradesh,Finger,2100.0,2024,4
2024-04-18,Turmeric,39,Guntur,FAQ,Duggirala APMC,13850.0,10500.0,13675.0,Andhra Pradesh,Finger,3350.0,2024,4
2024-04-19,Turmeric,39,Guntur,FAQ,Duggirala APMC,14100.0,12875.0,13800.0,Andhra Pradesh,Finger,1225.0,2024,4
2024-04-22,Turmeric,39,Guntur,FAQ,Duggirala APMC,14000.0,13000.0,13700.0,Andhra Pradesh,Finger,1000.0,2024,4
2024-04-23,Turmeric,39,Guntur,FAQ,Duggirala APMC,14250.0,13200.0,14000.0,Andhra Pradesh,Finger,1050.0,2024,4
2024-04-26,Turmeric,39,Guntur,FAQ,Duggirala APMC,15000.0,12000.0,13991.0,Andhra Pradesh,Finger,3000.0,2024,4
2024-04-29,Turmeric,39,Guntur,FAQ,Duggirala APMC,14850.0,12000.0,14500.0,Andhra Pradesh,Finger,2850.0,2024,4
2024-05-02,Turmeric,39,Guntur,FAQ,Duggirala APMC,15350.0,12000.0,14475.0,Andhra Pradesh,Finger,3350.0,2024,5
2024-05-03,Turmeric,39,Guntur,FAQ,Duggirala APMC,14670.0,12500.0,14440.0,Andhra Pradesh,Finger,2170.0,2024,5
2024-05-06,Turmeric,39,Guntur,FAQ,Duggirala APMC,14440.0,12700.0,14100.0,Andhra Pradesh,Finger,1740.0,2024,5
2024-05-07,Turmeric,39,Guntur,FAQ,Duggirala APMC,14285.0,13011.0,13900.0,Andhra Pradesh,Finger,1274.0,2024,5
2024-05-08,Turmeric,39,Guntur,FAQ,Duggirala APMC,14400.0,13900.0,14025.0,Andhra Pradesh,Finger,500.0,2024,5
2024-05-09,Turmeric,39,Guntur,FAQ,Duggirala APMC,14760.0,13000.0,14351.0,Andhra Pradesh,Finger,1760.0,2024,5
2024-05-10,Turmeric,39,Guntur,FAQ,Duggirala APMC,14350.0,13200.0,14075.0,Andhra Pradesh,Finger,1150.0,2024,5
2024-05-16,Turmeric,39,Guntur,FAQ,Duggirala APMC,14150.0,12101.0,13700.0,Andhra Pradesh,Finger,2049.0,2024,5
2024-05-20,Turmeric,39,Guntur,FAQ,Duggirala APMC,14200.0,10800.0,13600.0,Andhra Pradesh,Finger,3400.0,2024,5
2024-05-21,Turmeric,39,Guntur,FAQ,Duggirala APMC,14500.0,13400.0,13750.0,Andhra Pradesh,Finger,1100.0,2024,5
2024-05-22,Turmeric,39,Guntur,FAQ,Duggirala APMC,14700.0,13000.0,14300.0,Andhra Pradesh,Finger,1700.0,2024,5
2024-05-23,Turmeric,39,Guntur,FAQ,Duggirala APMC,14800.0,10200.0,14500.0,Andhra Pradesh,Finger,4600.0,2024,5
2024-05-24,Turmeric,39,Guntur,FAQ,Duggirala APMC,14400.0,12000.0,14200.0,Andhra Pradesh,Finger,2400.0,2024,5
2024-05-27,Turmeric,39,Guntur,FAQ,Duggirala APMC,14675.0,12000.0,14400.0,Andhra Pradesh,Finger,2675.0,2024,5
2024-05-28,Turmeric,39,Guntur,FAQ,Duggirala APMC,15100.0,13600.0,14600.0,Andhra Pradesh,Finger,1500.0,2024,5
2024-05-29,Turmeric,39,Guntur,FAQ,Duggirala APMC,14725.0,14200.0,14725.0,Andhra Pradesh,Finger,525.0,2024,5
2024-05-30,Turmeric,39,Guntur,FAQ,Duggirala APMC,14250.0,13600.0,14250.0,Andhra Pradesh,Finger,650.0,2024,5
2024-06-06,Turmeric,39,Guntur,FAQ,Duggirala APMC,12326.0,12000.0,12000.0,Andhra Pradesh,Finger,326.0,2024,6
2024-06-10,Turmeric,39,Guntur,FAQ,Duggirala APMC,14650.0,13550.0,14390.0,Andhra Pradesh,Finger,1100.0,2024,6
2024-06-11,Turmeric,39,Guntur,FAQ,Duggirala APMC,14400.0,10200.0,14250.0,Andhra Pradesh,Finger,4200.0,2024,6
2024-06-13,Turmeric,39,Guntur,FAQ,Duggirala APMC,14200.0,13800.0,14000.0,Andhra Pradesh,Finger,400.0,2024,6
2024-06-14,Turmeric,39,Guntur,FAQ,Duggirala APMC,14400.0,13100.0,13800.0,Andhra Pradesh,Finger,1300.0,2024,6
2024-06-18,Turmeric,39,Guntur,FAQ,Duggirala APMC,13900.0,12100.0,13600.0,Andhra Pradesh,Finger,1800.0,2024,6
2024-06-19,Turmeric,39,Guntur,FAQ,Duggirala APMC,14100.0,12000.0,13800.0,Andhra Pradesh,Finger,2100.0,2024,6
2024-06-20,Turmeric,39,Guntur,FAQ,Duggirala APMC,13950.0,13000.0,13650.0,Andhra Pradesh,Finger,950.0,2024,6
2024-06-21,Turmeric,39,Guntur,FAQ,Duggirala APMC,13800.0,13000.0,13500.0,Andhra Pradesh,Finger,800.0,2024,6
2024-06-24,Turmeric,39,Guntur,FAQ,Duggirala APMC,13675.0,13100.0,13500.0,Andhra Pradesh,Finger,575.0,2024,6
2024-06-25,Turmeric,39,Guntur,FAQ,Duggirala APMC,13590.0,11000.0,13300.0,Andhra Pradesh,Finger,2590.0,2024,6
2024-06-26,Turmeric,39,Guntur,FAQ,Duggirala APMC,13800.0,12425.0,13300.0,Andhra Pradesh,Finger,1375.0,2024,6
2024-06-28,Turmeric,39,Guntur,FAQ,Duggirala APMC,13750.0,11200.0,13400.0,Andhra Pradesh,Finger,2550.0,2024,6
2024-07-01,Turmeric,39,Guntur,FAQ,Duggirala APMC,13720.0,12500.0,12575.0,Andhra Pradesh,Finger,1220.0,2024,7
2024-07-02,Turmeric,39,Guntur,FAQ,Duggirala APMC,13000.0,11000.0,12750.0,Andhra Pradesh,Finger,2000.0,2024,7
2024-07-03,Turmeric,39,Guntur,FAQ,Duggirala APMC,13600.0,12100.0,13270.0,Andhra Pradesh,Finger,1500.0,2024,7
2024-07-04,Turmeric,39,Guntur,FAQ,Duggirala APMC,13900.0,11000.0,12950.0,Andhra Pradesh,Finger,2900.0,2024,7
2024-07-08,Turmeric,39,Guntur,FAQ,Duggirala APMC,13650.0,12000.0,13400.0,Andhra Pradesh,Finger,1650.0,2024,7
2024-07-09,Turmeric,39,Guntur,FAQ,Duggirala APMC,13400.0,11400.0,12500.0,Andhra Pradesh,Finger,2000.0,2024,7
2024-07-12,Turmeric,39,Guntur,FAQ,Duggirala APMC,13600.0,10000.0,13400.0,Andhra Pradesh,Finger,3600.0,2024,7
2024-07-15,Turmeric,39,Guntur,FAQ,Duggirala APMC,13625.0,12300.0,13481.0,Andhra Pradesh,Finger,1325.0,2024,7
2024-07-18,Turmeric,39,Guntur,FAQ,Duggirala APMC,13411.0,11000.0,13300.0,Andhra Pradesh,Finger,2411.0,2024,7
2024-07-19,Turmeric,39,Guntur,FAQ,Duggirala APMC,13100.0,10300.0,12700.0,Andhra Pradesh,Finger,2800.0,2024,7
2024-07-24,Turmeric,39,Guntur,FAQ,Duggirala APMC,13250.0,11800.0,13000.0,Andhra Pradesh,Finger,1450.0,2024,7
2024-08-01,Turmeric,39,Guntur,FAQ,Duggirala APMC,13300.0,11000.0,13000.0,Andhra Pradesh,Finger,2300.0,2024,8
2024-08-02,Turmeric,39,Guntur,FAQ,Duggirala APMC,13200.0,12100.0,13000.0,Andhra Pradesh,Finger,1100.0,2024,8
2024-08-05,Turmeric,39,Guntur,FAQ,Duggirala APMC,13375.0,12250.0,13100.0,Andhra Pradesh,Finger,1125.0,2024,8
2024-08-08,Turmeric,39,Guntur,FAQ,Duggirala APMC,13300.0,12550.0,13100.0,Andhra Pradesh,Finger,750.0,2024,8
2024-08-09,Turmeric,39,Guntur,FAQ,Duggirala APMC,12850.0,12000.0,12850.0,Andhra Pradesh,Finger,850.0,2024,8
2024-08-12,Turmeric,39,Guntur,FAQ,Duggirala APMC,13100.0,10900.0,12200.0,Andhra Pradesh,Finger,2200.0,2024,8
2024-08-14,Turmeric,39,Guntur,FAQ,Duggirala APMC,12600.0,10100.0,12300.0,Andhra Pradesh,Finger,2500.0,2024,8
2024-08-19,Turmeric,39,Guntur,FAQ,Duggirala APMC,12800.0,10000.0,12800.0,Andhra Pradesh,Finger,2800.0,2024,8
2024-08-20,Turmeric,39,Guntur,FAQ,Duggirala APMC,12800.0,12150.0,12800.0,Andhra Pradesh,Finger,650.0,2024,8
2024-08-22,Turmeric,39,Guntur,FAQ,Duggirala APMC,12200.0,10800.0,12000.0,Andhra Pradesh,Finger,1400.0,2024,8
2024-08-23,Turmeric,39,Guntur,FAQ,Duggirala APMC,12880.0,10800.0,12800.0,Andhra Pradesh,Finger,2080.0,2024,8
2024-08-27,Turmeric,39,Guntur,FAQ,Duggirala APMC,12700.0,10600.0,12300.0,Andhra Pradesh,Finger,2100.0,2024,8
2024-08-28,Turmeric,39,Guntur,FAQ,Duggirala APMC,12800.0,10100.0,12500.0,Andhra Pradesh,Finger,2700.0,2024,8
2024-08-29,Turmeric,39,Guntur,FAQ,Duggirala APMC,11350.0,10700.0,11350.0,Andhra Pradesh,Finger,650.0,2024,8
2024-09-02,Turmeric,39,Guntur,FAQ,Duggirala APMC,11500.0,10000.0,11500.0,Andhra Pradesh,Finger,1500.0,2024,9
2024-09-03,Turmeric,39,Guntur,FAQ,Duggirala APMC,12500.0,12100.0,12500.0,Andhra Pradesh,Finger,400.0,2024,9
2024-09-05,Turmeric,39,Guntur,FAQ,Duggirala APMC,12650.0,12650.0,12650.0,Andhra Pradesh,Finger,0.0,2024,9
2024-09-10,Turmeric,39,Guntur,FAQ,Duggirala APMC,12500.0,12500.0,12500.0,Andhra Pradesh,Finger,0.0,2024,9
2024-09-11,Turmeric,39,Guntur,FAQ,Duggirala APMC,13211.0,13000.0,13000.0,Andhra Pradesh,Finger,211.0,2024,9
2024-09-13,Turmeric,39,Guntur,FAQ,Duggirala APMC,12000.0,11900.0,12000.0,Andhra Pradesh,Finger,100.0,2024,9
2024-09-18,Turmeric,39,Guntur,FAQ,Duggirala APMC,12600.0,12600.0,12600.0,Andhra Pradesh,Finger,0.0,2024,9
2024-09-19,Turmeric,39,Guntur,FAQ,Duggirala APMC,12875.0,10000.0,12400.0,Andhra Pradesh,Finger,2875.0,2024,9
2024-09-23,Turmeric,39,Guntur,FAQ,Duggirala APMC,12500.0,10150.0,12500.0,Andhra Pradesh,Finger,2350.0,2024,9
2024-09-24,Turmeric,39,Guntur,FAQ,Duggirala APMC,12500.0,10500.0,11800.0,Andhra Pradesh,Finger,2000.0,2024,9
2024-09-25,Turmeric,39,Guntur,FAQ,Duggirala APMC,13000.0,11500.0,12700.0,Andhra Pradesh,Finger,1500.0,2024,9
2024-09-30,Turmeric,39,Guntur,FAQ,Duggirala APMC,12900.0,10800.0,12600.0,Andhra Pradesh,Finger,2100.0,2024,9
2024-10-03,Turmeric,39,Guntur,FAQ,Duggirala APMC,12650.0,11500.0,12450.0,Andhra Pradesh,Finger,1150.0,2024,10
2024-10-04,Turmeric,39,Guntur,FAQ,Duggirala APMC,12350.0,10311.0,11800.0,Andhra Pradesh,Finger,2039.0,2024,10
2024-10-07,Turmeric,39,Guntur,FAQ,Duggirala APMC,13570.0,10100.0,13570.0,Andhra Pradesh,Finger,3470.0,2024,10
2024-10-08,Turmeric,39,Guntur,FAQ,Duggirala APMC,11850.0,11100.0,11800.0,Andhra Pradesh,Finger,750.0,2024,10
2024-10-10,Turmeric,39,Guntur,FAQ,Duggirala APMC,11911.0,11900.0,11900.0,Andhra Pradesh,Finger,11.0,2024,10
2024-10-16,Turmeric,39,Guntur,FAQ,Duggirala APMC,12500.0,9700.0,11511.0,Andhra Pradesh,Finger,2800.0,2024,10
2024-10-22,Turmeric,39,Guntur,FAQ,Duggirala APMC,12000.0,11000.0,11700.0,Andhra Pradesh,Finger,1000.0,2024,10
2024-10-23,Turmeric,39,Guntur,FAQ,Duggirala APMC,12000.0,10111.0,11700.0,Andhra Pradesh,Finger,1889.0,2024,10
2024-10-24,Turmeric,39,Guntur,FAQ,Duggirala APMC,12200.0,9000.0,12200.0,Andhra Pradesh,Finger,3200.0,2024,10
2024-10-25,Turmeric,39,Guntur,FAQ,Duggirala APMC,11300.0,10400.0,11000.0,Andhra Pradesh,Finger,900.0,2024,10
2024-10-28,Turmeric,39,Guntur,FAQ,Duggirala APMC,11600.0,9000.0,11600.0,Andhra Pradesh,Finger,2600.0,2024,10
2024-10-29,Turmeric,39,Guntur,FAQ,Duggirala APMC,12000.0,9250.0,12000.0,Andhra Pradesh,Finger,2750.0,2024,10
2024-11-04,Turmeric,39,Guntur,FAQ,Duggirala APMC,11280.0,10000.0,11280.0,Andhra Pradesh,Finger,1280.0,2024,11
2024-11-06,Turmeric,39,Guntur,FAQ,Duggirala APMC,10600.0,9451.0,9451.0,Andhra Pradesh,Finger,1149.0,2024,11
2024-11-07,Turmeric,39,Guntur,FAQ,Duggirala APMC,10000.0,8350.0,10000.0,Andhra Pradesh,Finger,1650.0,2024,11
2024-11-11,Turmeric,39,Guntur,FAQ,Duggirala APMC,11400.0,11100.0,11209.0,Andhra Pradesh,Finger,300.0,2024,11
2024-11-13,Turmeric,39,Guntur,FAQ,Duggirala APMC,11525.0,10111.0,11361.0,Andhra Pradesh,Finger,1414.0,2024,11
2024-11-14,Turmeric,39,Guntur,FAQ,Duggirala APMC,11300.0,10200.0,11265.0,Andhra Pradesh,Finger,1100.0,2024,11
2024-11-15,Turmeric,39,Guntur,FAQ,Duggirala APMC,11265.0,11265.0,11265.0,Andhra Pradesh,Finger,0.0,2024,11
2024-11-18,Turmeric,39,Guntur,FAQ,Duggirala APMC,11300.0,10211.0,11209.0,Andhra Pradesh,Finger,1089.0,2024,11
2024-11-20,Turmeric,39,Guntur,FAQ,Duggirala APMC,11350.0,9100.0,11000.0,Andhra Pradesh,Finger,2250.0,2024,11
2024-11-22,Turmeric,39,Guntur,FAQ,Duggirala APMC,11850.0,11700.0,11850.0,Andhra Pradesh,Finger,150.0,2024,11
2024-11-27,Turmeric,39,Guntur,FAQ,Duggirala APMC,11280.0,11100.0,11280.0,Andhra Pradesh,Finger,180.0,2024,11
2024-11-28,Turmeric,39,Guntur,FAQ,Duggirala APMC,11750.0,11400.0,11650.0,Andhra Pradesh,Finger,350.0,2024,11
2024-11-29,Turmeric,39,Guntur,FAQ,Duggirala APMC,11275.0,11150.0,11275.0,Andhra Pradesh,Finger,125.0,2024,11
2024-12-02,Turmeric,39,Guntur,FAQ,Duggirala APMC,11600.0,10750.0,11600.0,Andhra Pradesh,Finger,850.0,2024,12
2024-12-03,Turmeric,39,Guntur,FAQ,Duggirala APMC,11700.0,11250.0,11400.0,Andhra Pradesh,Finger,450.0,2024,12
2024-12-04,Turmeric,39,Guntur,FAQ,Duggirala APMC,11250.0,9550.0,11125.0,Andhra Pradesh,Finger,1700.0,2024,12
2024-12-09,Turmeric,39,Guntur,FAQ,Duggirala APMC,11650.0,11375.0,11500.0,Andhra Pradesh,Finger,275.0,2024,12
2024-12-10,Turmeric,39,Guntur,FAQ,Duggirala APMC,11375.0,11000.0,11000.0,Andhra Pradesh,Finger,375.0,2024,12
2024-12-11,Turmeric,39,Guntur,FAQ,Duggirala APMC,11550.0,10400.0,11125.0,Andhra Pradesh,Finger,1150.0,2024,12
2024-12-12,Turmeric,39,Guntur,FAQ,Duggirala APMC,10000.0,10000.0,10000.0,Andhra Pradesh,Finger,0.0,2024,12
2024-12-16,Turmeric,39,Guntur,FAQ,Duggirala APMC,11550.0,10550.0,11550.0,Andhra Pradesh,Finger,1000.0,2024,12
2024-12-17,Turmeric,39,Guntur,FAQ,Duggirala APMC,9600.0,9600.0,9600.0,Andhra Pradesh,Finger,0.0,2024,12
2024-12-18,Turmeric,39,Guntur,FAQ,Duggirala APMC,11200.0,10000.0,11200.0,Andhra Pradesh,Finger,1200.0,2024,12
2024-12-19,Turmeric,39,Guntur,FAQ,Duggirala APMC,10000.0,10000.0,10000.0,Andhra Pradesh,Finger,0.0,2024,12
2024-12-20,Turmeric,39,Guntur,FAQ,Duggirala APMC,10400.0,9225.0,10400.0,Andhra Pradesh,Finger,1175.0,2024,12
2024-12-23,Turmeric,39,Guntur,FAQ,Duggirala APMC,11300.0,9100.0,10675.0,Andhra Pradesh,Finger,2200.0,2024,12
2024-12-24,Turmeric,39,Guntur,FAQ,Duggirala APMC,11000.0,11000.0,11000.0,Andhra Pradesh,Finger,0.0,2024,12
2024-12-26,Turmeric,39,Guntur,FAQ,Duggirala APMC,11300.0,11200.0,11200.0,Andhra Pradesh,Finger,100.0,2024,12
2024-12-27,Turmeric,39,Guntur,FAQ,Duggirala APMC,11300.0,9550.0,11000.0,Andhra Pradesh,Finger,1750.0,2024,12
2024-12-30,Turmeric,39,Guntur,FAQ,Duggirala APMC,12000.0,10100.0,11450.0,Andhra Pradesh,Finger,1900.0,2024,12
2025-01-22,Turmeric,39,Guntur,FAQ,Duggirala APMC,11250.0,10100.0,11250.0,Andhra Pradesh,Finger,1150.0,2025,1
2025-01-23,Turmeric,39,Guntur,FAQ,Duggirala APMC,11475.0,10600.0,11475.0,Andhra Pradesh,Finger,875.0,2025,1
2025-01-24,Turmeric,39,Guntur,FAQ,Duggirala APMC,12050.0,11450.0,12050.0,Andhra Pradesh,Finger,600.0,2025,1
2025-01-27,Turmeric,39,Guntur,FAQ,Duggirala APMC,11800.0,9000.0,11000.0,Andhra Pradesh,Finger,2800.0,2025,1
2025-01-29,Turmeric,39,Guntur,FAQ,Duggirala APMC,11000.0,9000.0,11000.0,Andhra Pradesh,Finger,2000.0,2025,1
2025-01-30,Turmeric,39,Guntur,FAQ,Duggirala APMC,10900.0,9500.0,10900.0,Andhra Pradesh,Finger,1400.0,2025,1
2025-01-31,Turmeric,39,Guntur,FAQ,Duggirala APMC,9700.0,9200.0,9700.0,Andhra Pradesh,Finger,500.0,2025,1
2025-02-03,Turmeric,39,Guntur,FAQ,Duggirala APMC,10072.0,8000.0,10072.0,Andhra Pradesh,Finger,2072.0,2025,2
2025-02-05,Turmeric,39,Guntur,FAQ,Duggirala APMC,10600.0,9670.0,10600.0,Andhra Pradesh,Finger,930.0,2025,2
2025-02-06,Turmeric,39,Guntur,FAQ,Duggirala APMC,9300.0,9300.0,9300.0,Andhra Pradesh,Finger,0.0,2025,2
2025-02-07,Turmeric,39,Guntur,FAQ,Duggirala APMC,11025.0,10000.0,11025.0,Andhra Pradesh,Finger,1025.0,2025,2
2025-02-11,Turmeric,39,Guntur,FAQ,Duggirala APMC,10411.0,8800.0,10411.0,Andhra Pradesh,Finger,1611.0,2025,2
2025-02-12,Turmeric,39,Guntur,FAQ,Duggirala APMC,10400.0,7400.0,10400.0,Andhra Pradesh,Finger,3000.0,2025,2
2025-02-14,Turmeric,39,Guntur,FAQ,Duggirala APMC,11000.0,10001.0,10650.0,Andhra Pradesh,Finger,999.0,2025,2
2025-02-17,Turmeric,39,Guntur,FAQ,Duggirala APMC,9800.0,9600.0,9800.0,Andhra Pradesh,Finger,200.0,2025,2
2025-02-19,Turmeric,39,Guntur,FAQ,Duggirala APMC,11000.0,9200.0,11000.0,Andhra Pradesh,Finger,1800.0,2025,2
2025-02-20,Turmeric,39,Guntur,FAQ,Duggirala APMC,10750.0,8400.0,10750.0,Andhra Pradesh,Finger,2350.0,2025,2
2025-02-25,Turmeric,39,Guntur,FAQ,Duggirala APMC,10800.0,9500.0,10800.0,Andhra Pradesh,Finger,1300.0,2025,2
2025-02-28,Turmeric,39,Guntur,FAQ,Duggirala APMC,10500.0,8450.0,10500.0,Andhra Pradesh,Finger,2050.0,2025,2
2025-03-04,Turmeric,39,Guntur,FAQ,Duggirala APMC,8500.0,8300.0,8500.0,Andhra Pradesh,Finger,200.0,2025,3
2025-03-06,Turmeric,39,Guntur,FAQ,Duggirala APMC,9500.0,8100.0,9500.0,Andhra Pradesh,Finger,1400.0,2025,3
2025-03-07,Turmeric,39,Guntur,FAQ,Duggirala APMC,9800.0,8000.0,9400.0,Andhra Pradesh,Finger,1800.0,2025,3
2025-03-10,Turmeric,39,Guntur,FAQ,Duggirala APMC,11111.0,8000.0,10601.0,Andhra Pradesh,Finger,3111.0,2025,3
2025-03-12,Turmeric,39,Guntur,FAQ,Duggirala APMC,10300.0,8000.0,9125.0,Andhra Pradesh,Finger,2300.0,2025,3
2025-03-13,Turmeric,39,Guntur,FAQ,Duggirala APMC,9600.0,8100.0,9100.0,Andhra Pradesh,Finger,1500.0,2025,3
2025-03-17,Turmeric,39,Guntur,FAQ,Duggirala APMC,11000.0,7750.0,9000.0,Andhra Pradesh,Finger,3250.0,2025,3
2025-03-19,Turmeric,39,Guntur,FAQ,Duggirala APMC,11000.0,8500.0,9911.0,Andhra Pradesh,Finger,2500.0,2025,3
2025-03-20,Turmeric,39,Guntur,FAQ,Duggirala APMC,9950.0,9150.0,9950.0,Andhra Pradesh,Finger,800.0,2025,3
2025-03-24,Turmeric,39,Guntur,FAQ,Duggirala APMC,12011.0,9700.0,10500.0,Andhra Pradesh,Finger,2311.0,2025,3
2025-03-25,Turmeric,39,Guntur,FAQ,Duggirala APMC,11100.0,10500.0,11001.0,Andhra Pradesh,Finger,600.0,2025,3
2025-03-27,Turmeric,39,Guntur,FAQ,Duggirala APMC,10150.0,10150.0,10150.0,Andhra Pradesh,Finger,0.0,2025,3
2025-03-28,Turmeric,39,Guntur,FAQ,Duggirala APMC,10600.0,10200.0,10350.0,Andhra Pradesh,Finger,400.0,2025,3
2025-04-02,Turmeric,39,Guntur,FAQ,Duggirala APMC,11800.0,10700.0,11500.0,Andhra Pradesh,Finger,1100.0,2025,4
2025-04-03,Turmeric,39,Guntur,FAQ,Duggirala APMC,12561.0,11000.0,12175.0,Andhra Pradesh,Finger,1561.0,2025,4
2025-04-04,Turmeric,39,Guntur,FAQ,Duggirala APMC,13150.0,10225.0,12811.0,Andhra Pradesh,Finger,2925.0,2025,4
2025-04-07,Turmeric,39,Guntur,FAQ,Duggirala APMC,12611.0,10900.0,12325.0,Andhra Pradesh,Finger,1711.0,2025,4
2025-04-08,Turmeric,39,Guntur,FAQ,Duggirala APMC,12400.0,11300.0,12000.0,Andhra Pradesh,Finger,1100.0,2025,4
2025-04-10,Turmeric,39,Guntur,FAQ,Duggirala APMC,12425.0,10300.0,11400.0,Andhra Pradesh,Finger,2125.0,2025,4
2025-04-11,Turmeric,39,Guntur,FAQ,Duggirala APMC,12225.0,10225.0,11550.0,Andhra Pradesh,Finger,2000.0,2025,4
2025-04-15,Turmeric,39,Guntur,FAQ,Duggirala APMC,12000.0,10200.0,11700.0,Andhra Pradesh,Finger,1800.0,2025,4
2025-04-16,Turmeric,39,Guntur,FAQ,Duggirala APMC,12200.0,10750.0,11700.0,Andhra Pradesh,Finger,1450.0,2025,4
2025-04-17,Turmeric,39,Guntur,FAQ,Duggirala APMC,12275.0,11161.0,11851.0,Andhra Pradesh,Finger,1114.0,2025,4
2025-04-21,Turmeric,39,Guntur,FAQ,Duggirala APMC,11350.0,11350.0,11350.0,Andhra Pradesh,Finger,0.0,2025,4
2025-04-22,Turmeric,39,Guntur,FAQ,Duggirala APMC,12150.0,11050.0,11780.0,Andhra Pradesh,Finger,1100.0,2025,4
2025-04-23,Turmeric,39,Guntur,FAQ,Duggirala APMC,12000.0,11600.0,11900.0,Andhra Pradesh,Finger,400.0,2025,4
2025-04-24,Turmeric,39,Guntur,FAQ,Duggirala APMC,12250.0,10900.0,11725.0,Andhra Pradesh,Finger,1350.0,2025,4
2025-04-25,Turmeric,39,Guntur,FAQ,Duggirala APMC,12250.0,11200.0,11750.0,Andhra Pradesh,Finger,1050.0,2025,4
2025-04-28,Turmeric,39,Guntur,FAQ,Duggirala APMC,11950.0,10000.0,11400.0,Andhra Pradesh,Finger,1950.0,2025,4
2025-04-29,Turmeric,39,Guntur,FAQ,Duggirala APMC,11275.0,10500.0,11211.0,Andhra Pradesh,Finger,775.0,2025,4
2025-04-30,Turmeric,39,Guntur,FAQ,Duggirala APMC,11300.0,10100.0,10700.0,Andhra Pradesh,Finger,1200.0,2025,4
2025-05-02,Turmeric,39,Guntur,FAQ,Duggirala APMC,11350.0,10400.0,11000.0,Andhra Pradesh,Finger,950.0,2025,5
2025-05-05,Turmeric,39,Guntur,FAQ,Duggirala APMC,11450.0,10300.0,11191.0,Andhra Pradesh,Finger,1150.0,2025,5
2025-05-06,Turmeric,39,Guntur,FAQ,Duggirala APMC,11250.0,10000.0,10800.0,Andhra Pradesh,Finger,1250.0,2025,5
2025-05-07,Turmeric,39,Guntur,FAQ,Duggirala APMC,11191.0,10000.0,10611.0,Andhra Pradesh,Finger,1191.0,2025,5
2025-05-09,Turmeric,39,Guntur,FAQ,Duggirala APMC,11400.0,10000.0,10550.0,Andhra Pradesh,Finger,1400.0,2025,5
2025-05-12,Turmeric,39,Guntur,FAQ,Duggirala APMC,11300.0,10000.0,10450.0,Andhra Pradesh,Finger,1300.0,2025,5
2025-05-13,Turmeric,39,Guntur,FAQ,Duggirala APMC,11160.0,10100.0,10570.0,Andhra Pradesh,Finger,1060.0,2025,5
2025-05-14,Turmeric,39,Guntur,FAQ,Duggirala APMC,11500.0,10000.0,11000.0,Andhra Pradesh,Finger,1500.0,2025,5
2025-05-15,Turmeric,39,Guntur,FAQ,Duggirala APMC,11700.0,10000.0,11100.0,Andhra Pradesh,Finger,1700.0,2025,5
2025-05-16,Turmeric,39,Guntur,FAQ,Duggirala APMC,11150.0,10300.0,10950.0,Andhra Pradesh,Finger,850.0,2025,5
2025-05-19,Turmeric,39,Guntur,FAQ,Duggirala APMC,11171.0,10000.0,10650.0,Andhra Pradesh,Finger,1171.0,2025,5
2025-05-21,Turmeric,39,Guntur,FAQ,Duggirala APMC,11400.0,10000.0,11060.0,Andhra Pradesh,Finger,1400.0,2025,5
2025-05-22,Turmeric,39,Guntur,FAQ,Duggirala APMC,10750.0,10000.0,10550.0,Andhra Pradesh,Finger,750.0,2025,5
2025-05-23,Turmeric,39,Guntur,FAQ,Duggirala APMC,10975.0,10050.0,10600.0,Andhra Pradesh,Finger,925.0,2025,5
2025-05-26,Turmeric,39,Guntur,FAQ,Duggirala APMC,10925.0,10000.0,10481.0,Andhra Pradesh,Finger,925.0,2025,5
2025-05-27,Turmeric,39,Guntur,FAQ,Duggirala APMC,11400.0,10000.0,10600.0,Andhra Pradesh,Finger,1400.0,2025,5
2025-05-28,Turmeric,39,Guntur,FAQ,Duggirala APMC,10471.0,9550.0,10000.0,Andhra Pradesh,Finger,921.0,2025,5
2025-05-29,Turmeric,39,Guntur,FAQ,Duggirala APMC,10375.0,9600.0,10050.0,Andhra Pradesh,Finger,775.0,2025,5
2025-05-30,Turmeric,39,Guntur,FAQ,Duggirala APMC,10750.0,9650.0,10500.0,Andhra Pradesh,Finger,1100.0,2025,5
2025-06-03,Turmeric,39,Guntur,FAQ,Duggirala APMC,10700.0,9800.0,10325.0,Andhra Pradesh,Finger,900.0,2025,6
2025-06-04,Turmeric,39,Guntur,FAQ,Duggirala APMC,10350.0,9700.0,10250.0,Andhra Pradesh,Finger,650.0,2025,6
2025-06-05,Turmeric,39,Guntur,FAQ,Duggirala APMC,10200.0,9500.0,10000.0,Andhra Pradesh,Finger,700.0,2025,6
2025-06-06,Turmeric,39,Guntur,FAQ,Duggirala APMC,10450.0,9500.0,10290.0,Andhra Pradesh,Finger,950.0,2025,6
2025-06-09,Turmeric,39,Guntur,FAQ,Duggirala APMC,10500.0,9700.0,10391.0,Andhra Pradesh,Finger,800.0,2025,6
2025-06-10,Turmeric,39,Guntur,FAQ,Duggirala APMC,10725.0,9600.0,10275.0,Andhra Pradesh,Finger,1125.0,2025,6
2025-06-11,Turmeric,39,Guntur,FAQ,Duggirala APMC,9675.0,8000.0,9425.0,Andhra Pradesh,Finger,1675.0,2025,6
2025-06-13,Turmeric,39,Guntur,FAQ,Duggirala APMC,10250.0,9700.0,10225.0,Andhra Pradesh,Finger,550.0,2025,6
2025-06-16,Turmeric,39,Guntur,FAQ,Duggirala APMC,10275.0,9600.0,10200.0,Andhra Pradesh,Finger,675.0,2025,6
2025-06-17,Turmeric,39,Guntur,FAQ,Duggirala APMC,9950.0,9150.0,9275.0,Andhra Pradesh,Finger,800.0,2025,6
2025-06-18,Turmeric,39,Guntur,FAQ,Duggirala APMC,9850.0,9000.0,9400.0,Andhra Pradesh,Finger,850.0,2025,6
2025-06-19,Turmeric,39,Guntur,FAQ,Duggirala APMC,10550.0,8000.0,10505.0,Andhra Pradesh,Finger,2550.0,2025,6
2025-06-20,Turmeric,39,Guntur,FAQ,Duggirala APMC,10200.0,8000.0,9700.0,Andhra Pradesh,Finger,2200.0,2025,6
2025-06-24,Turmeric,39,Guntur,FAQ,Duggirala APMC,9700.0,8900.0,9500.0,Andhra Pradesh,Finger,800.0,2025,6
2025-06-25,Turmeric,39,Guntur,FAQ,Duggirala APMC,10200.0,9000.0,10160.0,Andhra Pradesh,Finger,1200.0,2025,6
2025-06-26,Turmeric,39,Guntur,FAQ,Duggirala APMC,11000.0,9650.0,10450.0,Andhra Pradesh,Finger,1350.0,2025,6
2025-06-27,Turmeric,39,Guntur,FAQ,Duggirala APMC,10325.0,9200.0,10100.0,Andhra Pradesh,Finger,1125.0,2025,6
2025-06-30,Turmeric,39,Guntur,FAQ,Duggirala APMC,10350.0,9625.0,10200.0,Andhra Pradesh,Finger,725.0,2025,6
2025-07-01,Turmeric,39,Guntur,FAQ,Duggirala APMC,10500.0,9700.0,10470.0,Andhra Pradesh,Finger,800.0,2025,7
2025-07-02,Turmeric,39,Guntur,FAQ,Duggirala APMC,10425.0,9250.0,10300.0,Andhra Pradesh,Finger,1175.0,2025,7
2025-07-03,Turmeric,39,Guntur,FAQ,Duggirala APMC,10400.0,9000.0,10300.0,Andhra Pradesh,Finger,1400.0,2025,7
2025-07-04,Turmeric,39,Guntur,FAQ,Duggirala APMC,10250.0,9000.0,10200.0,Andhra Pradesh,Finger,1250.0,2025,7
2025-07-10,Turmeric,39,Guntur,FAQ,Duggirala APMC,10725.0,10100.0,10100.0,Andhra Pradesh,Finger,625.0,2025,7
2025-07-11,Turmeric,39,Guntur,FAQ,Duggirala APMC,10281.0,9500.0,10050.0,Andhra Pradesh,Finger,781.0,2025,7
2025-07-14,Turmeric,39,Guntur,FAQ,Duggirala APMC,10250.0,8900.0,10123.0,Andhra Pradesh,Finger,1350.0,2025,7
2025-07-15,Turmeric,39,Guntur,FAQ,Duggirala APMC,10775.0,9400.0,10400.0,Andhra Pradesh,Finger,1375.0,2025,7
2025-07-22,Turmeric,39,Guntur,FAQ,Duggirala APMC,10550.0,9600.0,10400.0,Andhra Pradesh,Finger,950.0,2025,7
2025-07-28,Turmeric,39,Guntur,FAQ,Duggirala APMC,10800.0,9200.0,10200.0,Andhra Pradesh,Finger,1600.0,2025,7
2025-07-31,Turmeric,39,Guntur,FAQ,Duggirala APMC,10560.0,10300.0,10300.0,Andhra Pradesh,Finger,260.0,2025,7
2025-08-01,Turmeric,39,Guntur,FAQ,Duggirala APMC,10900.0,9100.0,10871.0,Andhra Pradesh,Finger,1800.0,2025,8
2025-08-04,Turmeric,39,Guntur,FAQ,Duggirala APMC,10000.0,9225.0,9225.0,Andhra Pradesh,Finger,775.0,2025,8
2025-08-05,Turmeric,39,Guntur,FAQ,Duggirala APMC,10600.0,9700.0,10100.0,Andhra Pradesh,Finger,900.0,2025,8
2025-08-07,Turmeric,39,Guntur,FAQ,Duggirala APMC,10950.0,10200.0,10500.0,Andhra Pradesh,Finger,750.0,2025,8
2025-08-11,Turmeric,39,Guntur,FAQ,Duggirala APMC,10500.0,9400.0,10381.0,Andhra Pradesh,Finger,1100.0,2025,8
2025-08-12,Turmeric,39,Guntur,FAQ,Duggirala APMC,10100.0,7100.0,9500.0,Andhra Pradesh,Finger,3000.0,2025,8
2025-08-13,Turmeric,39,Guntur,FAQ,Duggirala APMC,10450.0,9900.0,10400.0,Andhra Pradesh,Finger,550.0,2025,8
2025-08-14,Turmeric,39,Guntur,FAQ,Duggirala APMC,10200.0,9800.0,9900.0,Andhra Pradesh,Finger,400.0,2025,8
2025-08-19,Turmeric,39,Guntur,FAQ,Duggirala APMC,10500.0,9811.0,10300.0,Andhra Pradesh,Finger,689.0,2025,8
2025-08-21,Turmeric,39,Guntur,FAQ,Duggirala APMC,10700.0,10200.0,10600.0,Andhra Pradesh,Finger,500.0,2025,8
2025-08-25,Turmeric,39,Guntur,FAQ,Duggirala APMC,10575.0,9950.0,10575.0,Andhra Pradesh,Finger,625.0,2025,8
2025-08-28,Turmeric,39,Guntur,FAQ,Duggirala APMC,10400.0,10400.0,10400.0,Andhra Pradesh,Finger,0.0,2025,8
2025-08-29,Turmeric,39,Guntur,FAQ,Duggirala APMC,9050.0,8500.0,9050.0,Andhra Pradesh,Finger,550.0,2025,8
2025-09-02,Turmeric,39,Guntur,FAQ,Duggirala APMC,10875.0,9500.0,10525.0,Andhra Pradesh,Finger,1375.0,2025,9
2025-09-03,Turmeric,39,Guntur,FAQ,Duggirala APMC,10851.0,9600.0,10485.0,Andhra Pradesh,Finger,1251.0,2025,9
2025-09-04,Turmeric,39,Guntur,FAQ,Duggirala APMC,10450.0,10300.0,10350.0,Andhra Pradesh,Finger,150.0,2025,9
2025-09-08,Turmeric,39,Guntur,FAQ,Duggirala APMC,10531.0,9750.0,10150.0,Andhra Pradesh,Finger,781.0,2025,9
2025-09-09,Turmeric,39,Guntur,FAQ,Duggirala APMC,10250.0,10000.0,10150.0,Andhra Pradesh,Finger,250.0,2025,9
2025-09-10,Turmeric,39,Guntur,FAQ,Duggirala APMC,10400.0,10100.0,10400.0,Andhra Pradesh,Finger,300.0,2025,9
2025-09-11,Turmeric,39,Guntur,FAQ,Duggirala APMC,10300.0,9800.0,10300.0,Andhra Pradesh,Finger,500.0,2025,9
2025-09-15,Turmeric,39,Guntur,FAQ,Duggirala APMC,10225.0,9350.0,10000.0,Andhra Pradesh,Finger,875.0,2025,9
2025-09-17,Turmeric,39,Guntur,FAQ,Duggirala APMC,8950.0,8950.0,8950.0,Andhra Pradesh,Finger,0.0,2025,9
2025-09-18,Turmeric,39,Guntur,FAQ,Duggirala APMC,10450.0,9300.0,10450.0,Andhra Pradesh,Finger,1150.0,2025,9
2025-09-22,Turmeric,39,Guntur,FAQ,Duggirala APMC,10785.0,10325.0,10650.0,Andhra Pradesh,Finger,460.0,2025,9
2025-09-24,Turmeric,39,Guntur,FAQ,Duggirala APMC,10560.0,10000.0,10560.0,Andhra Pradesh,Finger,560.0,2025,9
2025-09-26,Turmeric,39,Guntur,FAQ,Duggirala APMC,10350.0,9000.0,10350.0,Andhra Pradesh,Finger,1350.0,2025,9
2025-09-29,Turmeric,39,Guntur,FAQ,Duggirala APMC,10375.0,9450.0,10300.0,Andhra Pradesh,Finger,925.0,2025,9
2025-10-01,Turmeric,39,Guntur,FAQ,Duggirala APMC,10620.0,10611.0,10620.0,Andhra Pradesh,Finger,9.0,2025,10
2025-10-07,Turmeric,39,Guntur,FAQ,Duggirala APMC,10400.0,9275.0,9750.0,Andhra Pradesh,Finger,1125.0,2025,10
2025-10-08,Turmeric,39,Guntur,FAQ,Duggirala APMC,10500.0,10200.0,10500.0,Andhra Pradesh,Finger,300.0,2025,10
2025-10-09,Turmeric,39,Guntur,FAQ,Duggirala APMC,10600.0,9611.0,10525.0,Andhra Pradesh,Finger,989.0,2025,10
2025-10-10,Turmeric,39,Guntur,FAQ,Duggirala APMC,10560.0,10460.0,10560.0,Andhra Pradesh,Finger,100.0,2025,10
2025-10-14,Turmeric,39,Guntur,FAQ,Duggirala APMC,10825.0,10000.0,10825.0,Andhra Pradesh,Finger,825.0,2025,10
2025-10-15,Turmeric,39,Guntur,FAQ,Duggirala APMC,10875.0,9000.0,10445.0,Andhra Pradesh,Finger,1875.0,2025,10
2025-10-22,Turmeric,39,Guntur,FAQ,Duggirala APMC,11600.0,11300.0,11600.0,Andhra Pradesh,Finger,300.0,2025,10
2025-10-24,Turmeric,39,Guntur,FAQ,Duggirala APMC,10400.0,10400.0,10400.0,Andhra Pradesh,Finger,0.0,2025,10
2025-10-27,Turmeric,39,Guntur,FAQ,Duggirala APMC,11811.0,10900.0,11661.0,Andhra Pradesh,Finger,911.0,2025,10
2025-10-30,Turmeric,39,Guntur,FAQ,Duggirala APMC,12050.0,8500.0,11650.0,Andhra Pradesh,Finger,3550.0,2025,10
2025-11-03,Turmeric,39,Guntur,FAQ,Duggirala APMC,13900.0,11000.0,12360.0,Andhra Pradesh,Finger,2900.0,2025,11
2025-11-04,Turmeric,39,Guntur,FAQ,Duggirala APMC,12500.0,12500.0,12500.0,Andhra Pradesh,Finger,0.0,2025,11
2025-11-05,Turmeric,39,Guntur,FAQ,Duggirala APMC,13000.0,11100.0,12500.0,Andhra Pradesh,Finger,1900.0,2025,11
2025-12-02,Turmeric,39,Guntur,Local,Duggirala APMC,16466.66255,14266.6631,16466.66255,Andhra Pradesh,Finger,2199.999450000001,2025,12
2025-12-04,Turmeric,39,Guntur,Local,Duggirala APMC,12511.0,8500.0,12511.0,Andhra Pradesh,Finger,4011.0,2025,12
2025-12-05,Turmeric,39,Guntur,Local,Duggirala APMC,12300.0,12300.0,12300.0,Andhra Pradesh,Finger,0.0,2025,12
2025-12-08,Turmeric,39,Guntur,Local,Duggirala APMC,15999.996,14466.66305,14999.99625,Andhra Pradesh,Finger,1533.33295,2025,12
2025-12-10,Turmeric,39,Guntur,Local,Duggirala APMC,12311.0,12100.0,12311.0,Andhra Pradesh,Finger,211.0,2025,12
2025-12-12,Turmeric,39,Guntur,Local,Duggirala APMC,12500.0,10675.0,10675.0,Andhra Pradesh,Finger,1825.0,2025,12
2025-12-15,Turmeric,39,Guntur,Local,Duggirala APMC,12950.0,10000.0,12800.0,Andhra Pradesh,Finger,2950.0,2025,12
2025-12-16,Turmeric,39,Guntur,Local,Duggirala APMC,12900.0,11400.0,12600.0,Andhra Pradesh,Finger,1500.0,2025,12
2025-12-17,Turmeric,39,Guntur,Local,Duggirala APMC,13100.0,10000.0,11650.0,Andhra Pradesh,Finger,3100.0,2025,12
2025-12-18,Turmeric,39,Guntur,Local,Duggirala APMC,12811.0,11500.0,12811.0,Andhra Pradesh,Finger,1311.0,2025,12
2025-12-19,Turmeric,39,Guntur,Local,Duggirala APMC,12850.0,8750.0,12850.0,Andhra Pradesh,Finger,4100.0,2025,12
2025-12-22,Turmeric,39,Guntur,Local,Duggirala APMC,12500.0,11450.0,12100.0,Andhra Pradesh,Finger,1050.0,2025,12
2025-12-23,Turmeric,39,Guntur,Local,Duggirala APMC,13000.0,12600.0,12625.0,Andhra Pradesh,Finger,400.0,2025,12
2025-12-24,Turmeric,39,Guntur,Local,Duggirala APMC,13000.0,11200.0,13000.0,Andhra Pradesh,Finger,1800.0,2025,12
2025-12-26,Turmeric,39,Guntur,Local,Duggirala APMC,12650.0,12000.0,12650.0,Andhra Pradesh,Finger,650.0,2025,12
2025-12-29,Turmeric,39,Guntur,Local,Duggirala APMC,12850.0,11100.0,12000.0,Andhra Pradesh,Finger,1750.0,2025,12
2025-12-31,Turmeric,39,Guntur,Local,Duggirala APMC,10200.0,10200.0,10200.0,Andhra Pradesh,Finger,0.0,2025,12
2026-01-02,Turmeric,39,Guntur,Local,Duggirala APMC,13350.0,11950.0,12721.0,Andhra Pradesh,Finger,1400.0,2026,1
2026-01-05,Turmeric,39,Guntur,Local,Duggirala APMC,13511.0,12200.0,13100.0,Andhra Pradesh,Finger,1311.0,2026,1
2026-01-06,Turmeric,39,Guntur,Local,Duggirala APMC,14011.0,12000.0,13400.0,Andhra Pradesh,Finger,2011.0,2026,1
2026-01-07,Turmeric,39,Guntur,Local,Duggirala APMC,14100.0,12100.0,13675.0,Andhra Pradesh,Finger,2000.0,2026,1
2026-01-19,Turmeric,39,Guntur,Local,Duggirala APMC,13775.0,13450.0,13775.0,Andhra Pradesh,Finger,325.0,2026,1
2026-01-21,Turmeric,39,Guntur,Local,Duggirala APMC,13775.0,13350.0,13751.0,Andhra Pradesh,Finger,425.0,2026,1
2026-01-30,Turmeric,39,Guntur,Local,Duggirala APMC,13775.0,11900.0,13750.0,Andhra Pradesh,Finger,1875.0,2026,1
2026-02-02,Turmeric,39,Guntur,Local,Duggirala APMC,13800.0,13200.0,13200.0,Andhra Pradesh,Finger,600.0,2026,2
2026-02-03,Turmeric,39,Guntur,Local,Duggirala APMC,13640.0,12500.0,13640.0,Andhra Pradesh,Finger,1140.0,2026,2
2026-02-04,Turmeric,39,Guntur,Local,Duggirala APMC,13325.0,11950.0,13300.0,Andhra Pradesh,Finger,1375.0,2026,2
2026-02-05,Turmeric,39,Guntur,Local,Duggirala APMC,13000.0,12400.0,12915.0,Andhra Pradesh,Finger,600.0,2026,2
2026-02-06,Turmeric,39,Guntur,Local,Duggirala APMC,13500.0,11900.0,12800.0,Andhra Pradesh,Finger,1600.0,2026,2
2026-02-09,Turmeric,39,Guntur,Local,Duggirala APMC,13011.0,11800.0,13011.0,Andhra Pradesh,Finger,1211.0,2026,2
2026-02-13,Turmeric,39,Guntur,Local,Duggirala APMC,12680.0,10500.0,11700.0,Andhra Pradesh,Finger,2180.0,2026,2
2026-02-23,Turmeric,39,Guntur,Local,Duggirala APMC,12850.0,11500.0,12450.0,Andhra Pradesh,Finger,1350.0,2026,2
2026-03-04,Turmeric,39,Guntur,Local,Duggirala APMC,12300.0,11125.0,11125.0,Andhra Pradesh,Finger,1175.0,2026,3
2026-03-05,Turmeric,39,Guntur,Local,Duggirala APMC,11450.0,9500.0,11450.0,Andhra Pradesh,Finger,1950.0,2026,3
2026-03-09,Turmeric,39,Guntur,Local,Duggirala APMC,12200.0,10000.0,12200.0,Andhra Pradesh,Finger,2200.0,2026,3
2026-03-16,Turmeric,39,Guntur,Local,Duggirala APMC,12011.0,9500.0,12011.0,Andhra Pradesh,Finger,2511.0,2026,3
2026-03-17,Turmeric,39,Guntur,Local,Duggirala APMC,12500.0,6000.0,10800.0,Andhra Pradesh,Finger,6500.0,2026,3
2026-03-23,Turmeric,39,Guntur,Local,Duggirala APMC,11049.0,8611.0,11000.0,Andhra Pradesh,Finger,2438.0,2026,3
2026-03-24,Turmeric,39,Guntur,Local,Duggirala APMC,10700.0,8500.0,10500.0,Andhra Pradesh,Finger,2200.0,2026,3
2026-03-25,Turmeric,39,Guntur,Local,Duggirala APMC,11000.0,5000.0,9700.0,Andhra Pradesh,Finger,6000.0,2026,3
2026-03-26,Turmeric,39,Guntur,Local,Duggirala APMC,10600.0,9100.0,10600.0,Andhra Pradesh,Finger,1500.0,2026,3
2026-04-07,Turmeric,39,Guntur,Local,Duggirala APMC,12200.0,11100.0,11900.0,Andhra Pradesh,Finger,1100.0,2026,4
2026-04-08,Turmeric,39,Guntur,Local,Duggirala APMC,12250.0,9800.0,11750.0,Andhra Pradesh,Finger,2450.0,2026,4
2026-04-15,Turmeric,39,Guntur,Local,Duggirala APMC,12400.0,8000.0,11100.0,Andhra Pradesh,Finger,4400.0,2026,4
2026-04-16,Turmeric,39,Guntur,Local,Duggirala APMC,12050.0,10575.0,11450.0,Andhra Pradesh,Finger,1475.0,2026,4
2026-04-17,Turmeric,39,Guntur,Local,Duggirala APMC,12211.0,9700.0,12000.0,Andhra Pradesh,Finger,2511.0,2026,4
2026-04-20,Turmeric,39,Guntur,Local,Duggirala APMC,12000.0,10300.0,11750.0,Andhra Pradesh,Finger,1700.0,2026,4
2026-04-21,Turmeric,39,Guntur,Local,Duggirala APMC,11750.0,9800.0,11600.0,Andhra Pradesh,Finger,1950.0,2026,4
2026-04-22,Turmeric,39,Guntur,Local,Duggirala APMC,11850.0,10500.0,11650.0,Andhra Pradesh,Finger,1350.0,2026,4
2026-04-23,Turmeric,39,Guntur,Local,Duggirala APMC,11900.0,10000.0,11625.0,Andhra Pradesh,Finger,1900.0,2026,4
2026-04-24,Turmeric,39,Guntur,Local,Duggirala APMC,12200.0,10300.0,11500.0,Andhra Pradesh,Finger,1900.0,2026,4
2026-04-27,Turmeric,39,Guntur,Local,Duggirala APMC,11925.0,10300.0,11500.0,Andhra Pradesh,Finger,1625.0,2026,4
2026-04-28,Turmeric,39,Guntur,Local,Duggirala APMC,12000.0,10300.0,11600.0,Andhra Pradesh,Finger,1700.0,2026,4
2026-04-29,Turmeric,39,Guntur,Local,Duggirala APMC,11800.0,11400.0,11600.0,Andhra Pradesh,Finger,400.0,2026,4
2026-04-30,Turmeric,39,Guntur,Local,Duggirala APMC,11675.0,10900.0,11300.0,Andhra Pradesh,Finger,775.0,2026,4
2026-05-04,Turmeric,39,Guntur,Local,Duggirala APMC,11600.0,10300.0,11450.0,Andhra Pradesh,Finger,1300.0,2026,5
2026-05-05,Turmeric,39,Guntur,Local,Duggirala APMC,10850.0,9900.0,10611.0,Andhra Pradesh,Finger,950.0,2026,5
2026-05-06,Turmeric,39,Guntur,Local,Duggirala APMC,11011.0,9800.0,10800.0,Andhra Pradesh,Finger,1211.0,2026,5
2026-05-07,Turmeric,39,Guntur,Local,Duggirala APMC,11225.0,10400.0,11050.0,Andhra Pradesh,Finger,825.0,2026,5
2026-05-08,Turmeric,39,Guntur,Local,Duggirala APMC,11400.0,10100.0,11100.0,Andhra Pradesh,Finger,1300.0,2026,5
2026-05-11,Turmeric,39,Guntur,Local,Duggirala APMC,11411.0,10675.0,11250.0,Andhra Pradesh,Finger,736.0,2026,5
2026-05-12,Turmeric,39,Guntur,Local,Duggirala APMC,11250.0,10100.0,10981.0,Andhra Pradesh,Finger,1150.0,2026,5
2026-05-13,Turmeric,39,Guntur,Local,Duggirala APMC,11550.0,10950.0,11250.0,Andhra Pradesh,Finger,600.0,2026,5
2026-05-14,Turmeric,39,Guntur,Local,Duggirala APMC,11200.0,10311.0,10850.0,Andhra Pradesh,Finger,889.0,2026,5
2026-05-15,Turmeric,39,Guntur,Local,Duggirala APMC,11200.0,10500.0,11100.0,Andhra Pradesh,Finger,700.0,2026,5
2026-05-18,Turmeric,39,Guntur,Local,Duggirala APMC,11500.0,10311.0,11050.0,Andhra Pradesh,Finger,1189.0,2026,5
2026-05-19,Turmeric,39,Guntur,Local,Duggirala APMC,10750.0,10525.0,10750.0,Andhra Pradesh,Finger,225.0,2026,5
2026-05-20,Turmeric,39,Guntur,Local,Duggirala APMC,15199.9962,14133.3298,14947.996263,Andhra Pradesh,Finger,1066.6664,2026,5
2026-05-21,Turmeric,39,Guntur,Local,Duggirala APMC,11250.0,10300.0,11175.0,Andhra Pradesh,Finger,950.0,2026,5
2026-05-22,Turmeric,39,Guntur,Local,Duggirala APMC,11250.0,10400.0,10800.0,Andhra Pradesh,Finger,850.0,2026,5
2026-05-25,Turmeric,39,Guntur,Local,Duggirala APMC,11300.0,10300.0,11130.0,Andhra Pradesh,Finger,1000.0,2026,5
2026-05-26,Turmeric,39,Guntur,Local,Duggirala APMC,11200.0,9950.0,10901.0,Andhra Pradesh,Finger,1250.0,2026,5
2026-05-27,Turmeric,39,Guntur,Local,Duggirala APMC,11400.0,10300.0,11150.0,Andhra Pradesh,Finger,1100.0,2026,5
2026-06-01,Turmeric,39,Guntur,Local,Duggirala APMC,11200.0,10300.0,10725.0,Andhra Pradesh,Finger,900.0,2026,6
2026-06-02,Turmeric,39,Guntur,Local,Duggirala APMC,11011.0,9500.0,10750.0,Andhra Pradesh,Finger,1511.0,2026,6
2026-06-03,Turmeric,39,Guntur,Local,Duggirala APMC,11250.0,10125.0,10750.0,Andhra Pradesh,Finger,1125.0,2026,6
2026-06-05,Turmeric,39,Guntur,Local,Duggirala APMC,11000.0,9875.0,10825.0,Andhra Pradesh,Finger,1125.0,2026,6
2026-06-08,Turmeric,39,Guntur,Local,Duggirala APMC,11250.0,10250.0,11175.0,Andhra Pradesh,Finger,1000.0,2026,6
2026-06-09,Turmeric,39,Guntur,Local,Duggirala APMC,11275.0,10600.0,11100.0,Andhra Pradesh,Finger,675.0,2026,6
2026-06-10,Turmeric,39,Guntur,Local,Duggirala APMC,11275.0,10300.0,11100.0,Andhra Pradesh,Finger,975.0,2026,6
2026-06-12,Turmeric,39,Guntur,Local,Duggirala APMC,11600.0,9211.0,11500.0,Andhra Pradesh,Finger,2389.0,2026,6
2026-06-15,Turmeric,39,Guntur,Local,Duggirala APMC,11850.0,10400.0,11425.0,Andhra Pradesh,Finger,1450.0,2026,6
2026-06-16,Turmeric,39,Guntur,Local,Duggirala APMC,12111.0,11080.0,11850.0,Andhra Pradesh,Finger,1031.0,2026,6
2026-06-17,Turmeric,39,Guntur,Local,Duggirala APMC,13000.0,11400.0,12400.0,Andhra Pradesh,Finger,1600.0,2026,6
2026-06-19,Turmeric,39,Guntur,Local,Duggirala APMC,13360.0,11700.0,13025.0,Andhra Pradesh,Finger,1660.0,2026,6
2026-06-22,Turmeric,39,Guntur,Local,Duggirala APMC,13200.0,11000.0,12700.0,Andhra Pradesh,Finger,2200.0,2026,6
2026-06-23,Turmeric,39,Guntur,Local,Duggirala APMC,13000.0,10500.0,12821.0,Andhra Pradesh,Finger,2500.0,2026,6
2026-06-24,Turmeric,39,Guntur,Local,Duggirala APMC,13300.0,12200.0,13100.0,Andhra Pradesh,Finger,1100.0,2026,6
2026-06-25,Turmeric,39,Guntur,Local,Duggirala APMC,13400.0,11500.0,12700.0,Andhra Pradesh,Finger,1900.0,2026,6
2026-06-29,Turmeric,39,Guntur,Local,Duggirala APMC,13000.0,11600.0,12250.0,Andhra Pradesh,Finger,1400.0,2026,6
2026-06-30,Turmeric,39,Guntur,Local,Duggirala APMC,13000.0,11500.0,12550.0,Andhra Pradesh,Finger,1500.0,2026,6
2026-07-01,Turmeric,39,Guntur,Local,Duggirala APMC,12825.0,11800.0,12400.0,Andhra Pradesh,Finger,1025.0,2026,7
2026-07-03,Turmeric,39,Guntur,Local,Duggirala APMC,13050.0,11560.0,12600.0,Andhra Pradesh,Finger,1490.0,2026,7
2026-07-06,Turmeric,39,Guntur,Local,Duggirala APMC,12800.0,11000.0,12625.0,Andhra Pradesh,Finger,1800.0,2026,7
2026-07-07,Turmeric,39,Guntur,Local,Duggirala APMC,13401.0,11700.0,13000.0,Andhra Pradesh,Finger,1701.0,2026,7
2026-07-08,Turmeric,39,Guntur,Local,Duggirala APMC,13250.0,11900.0,13050.0,Andhra Pradesh,Finger,1350.0,2026,7
2026-07-09,Turmeric,39,Guntur,Local,Duggirala APMC,13480.0,12300.0,13000.0,Andhra Pradesh,Finger,1180.0,2026,7
2026-07-10,Turmeric,39,Guntur,Local,Duggirala APMC,13350.0,12011.0,13050.0,Andhra Pradesh,Finger,1339.0,2026,7
2026-07-13,Turmeric,39,Guntur,Local,Duggirala APMC,14175.0,12000.0,13900.0,Andhra Pradesh,Finger,2175.0,2026,7
2026-07-14,Turmeric,39,Guntur,Local,Duggirala APMC,15200.0,12000.0,14800.0,Andhra Pradesh,Finger,3200.0,2026,7
2026-07-15,Turmeric,39,Guntur,Local,Duggirala APMC,15000.0,14700.0,14900.0,Andhra Pradesh,Finger,300.0,2026,7
2026-07-16,Turmeric,39,Guntur,Local,Duggirala APMC,14900.0,12000.0,13750.0,Andhra Pradesh,Finger,2900.0,2026,7
2026-07-17,Turmeric,39,Guntur,Local,Duggirala APMC,15300.0,14200.0,15100.0,Andhra Pradesh,Finger,1100.0,2026,7
2026-07-20,Turmeric,39,Guntur,Local,Duggirala APMC,15125.0,13000.0,15000.0,Andhra Pradesh,Finger,2125.0,2026,7
2026-07-21,Turmeric,39,Guntur,Local,Duggirala APMC,15500.0,14400.0,14800.0,Andhra Pradesh,Finger,1100.0,2026,7
2026-07-22,Turmeric,39,Guntur,Local,Duggirala APMC,15350.0,12911.0,15100.0,Andhra Pradesh,Finger,2439.0,2026,7
2026-07-24,Turmeric,39,Guntur,Local,Duggirala APMC,15500.0,13400.0,14800.0,Andhra Pradesh,Finger,2100.0,2026,7
2026-07-28,Turmeric,39,Guntur,Local,Duggirala APMC,15350.0,14100.0,15050.0,Andhra Pradesh,Finger,1250.0,2026,7
2026-07-30,Turmeric,39,Guntur,Local,Duggirala APMC,15011.0,14100.0,14850.0,Andhra Pradesh,Finger,911.0,2026,7
2026-08-03,Turmeric,39,Guntur,Local,Duggirala APMC,15200.0,11500.0,15000.0,Andhra Pradesh,Finger,3700.0,2026,8
2026-08-04,Turmeric,39,Guntur,Local,Duggirala APMC,15301.0,13250.0,15301.0,Andhra Pradesh,Finger,2051.0,2026,8
2026-08-05,Turmeric,39,Guntur,Local,Duggirala APMC,16000.0,13000.0,15350.0,Andhra Pradesh,Finger,3000.0,2026,8
2026-08-07,Turmeric,39,Guntur,Local,Duggirala APMC,15850.0,12200.0,15151.0,Andhra Pradesh,Finger,3650.0,2026,8
2026-08-10,Turmeric,39,Guntur,Local,Duggirala APMC,14725.0,14725.0,14725.0,Andhra Pradesh,Finger,0.0,2026,8
2026-08-11,Turmeric,39,Guntur,Local,Duggirala APMC,15000.0,11000.0,14825.0,Andhra Pradesh,Finger,4000.0,2026,8
2026-08-12,Turmeric,39,Guntur,Local,Duggirala APMC,14800.0,14250.0,14800.0,Andhra Pradesh,Finger,550.0,2026,8
2026-08-17,Turmeric,39,Guntur,Local,Duggirala APMC,15200.0,13000.0,14900.0,Andhra Pradesh,Finger,2200.0,2026,8
2026-08-18,Turmeric,39,Guntur,Local,Duggirala APMC,15050.0,14825.0,15000.0,Andhra Pradesh,Finger,225.0,2026,8
2026-08-19,Turmeric,39,Guntur,FAQ,Duggirala APMC,15125.0,15050.0,15100.0,Andhra Pradesh,Finger,75.0,2026,8
2026-08-20,Turmeric,39,Guntur,Local,Duggirala APMC,14900.0,14700.0,14750.0,Andhra Pradesh,Finger,200.0,2026,8
2026-08-24,Turmeric,39,Guntur,Local,Duggirala APMC,15000.0,14300.0,15000.0,Andhra Pradesh,Finger,700.0,2026,8
2026-08-27,Turmeric,39,Guntur,Local,Duggirala APMC,15000.0,13800.0,15000.0,Andhra Pradesh,Finger,1200.0,2026,8
2026-08-31,Turmeric,39,Guntur,Local,Duggirala APMC,15450.0,10300.0,15050.0,Andhra Pradesh,Finger,5150.0,2026,8
2026-09-01,Turmeric,39,Guntur,Local,Duggirala APMC,15700.0,14600.0,15325.0,Andhra Pradesh,Finger,1100.0,2026,9
2026-09-07,Turmeric,39,Guntur,Local,Duggirala APMC,15250.0,13300.0,14650.0,Andhra Pradesh,Finger,1950.0,2026,9
